FeatureName,Region,NGR,East,North,Lat,Long,LatLong,TreatmentOfRemains,MNIWithinDeposit,SexOfIndsWithin Deposit,AgeOfFindsWithinDeposit,ArtefactsInDepositList,SexSingleDeposits,AgeSingleDeposits,ArtefactsSingleDeposits,SexGroupDeposits,AgeGroupDeposits,ArtefactsGroupDeposits,SitesWithUnknownSex,TerminusPostQuemBC,TerminusAnteQuemBC,MedianBC,DecadeOfExcavation
Allerwash cist,Northumberland,NY871673,387100.0,567300.0,55.000103,-2.2031893,"55.000103,-2.2031893",Uncremated remains,1.0,Male,Adult,Bronze dagger,Male,Adult,Bronze dagger,,,,,2153.0,2030.0,2091.0,1970.0
Altonside cist,Northumberland,NY856649,385600.0,564900.0,54.978495,-2.2265159,"54.978495,-2.2265159",Crouched burial,N/a,N/a,N/a,Beaker,,,,,,,N/a,2300.0,2100.0,2200.0,1970.0
Alwinton cairn cremation deposit 1,Northumberland,NT9305,393000.0,605000.0,55.338991,-2.1119062,"55.338991,-2.1119062",Cremation,1.0,Indet.,Adult,,Indet.,Adult,,,,,Indet.,2000.0,,2000.0,1877.0
Alwinton cairn cremation deposit 2,Northumberland,NT9305,393000.0,605000.0,55.338991,-2.1119062,"55.338991,-2.1119062",Cremation,1.0,Indet.,Adult,,Indet.,Adult,,,,,Indet.,2000.0,,2000.0,1877.0
Alwinton cairn cremation deposit 3,Northumberland,NT9305,393000.0,605000.0,55.338991,-2.1119062,"55.338991,-2.1119062",Cremation,1.0,Indet.,Indet.,,Indet.,Indet.,,,,,Indet.,2000.0,,2000.0,1877.0
Amble cist,Northumberland,NU273052,427300.0,605200.0,55.340088,-1.5711391,"55.340088,-1.5711391",Crouched burial,1.0,Indet.,Indet.,Beaker,Indet.,Indet.,Beaker,,,,Indet.,2300.0,2100.0,2200.0,1850.0
Ancroft cist,Northumberland,NU041456,404100.0,645600.0,55.703832,-1.9363260,"55.703832,-1.9363260",Crouched burial,1.0,Male,Adult,Beaker,Male,Adult,Beaker,,,,,2300.0,2100.0,2200.0,1890.0
Angerton cist,Northumberland,NZ100848,410000.0,584800.0,55.157430,-1.8446026,"55.157430,-1.8446026",Crouched burial,1.0,Possible Female,Adult,"Bronze dagger,Flint knife,Flint hammer,Shale Beads",Possible Female,Adult,"Bronze dagger, Flint knife, Flint hammer, Shale Beads",,,,,2200.0,1750.0,1975.0,1840.0
Batter Law round barrow cist,County Durham,NZ40604599,440600.0,545990.0,54.807141,-1.3698780,"54.807141,-1.3698780",Crouched burial,1.0,Male,Adult,Flint knife,Male,Adult,Flint knife,,,,,2200.0,1750.0,1975.0,1910.0
Bedlington cist 1,Northumberland,NZ2626081490,426260.0,581490.0,55.127096,-1.5897326,"55.127096,-1.5897326",Crouched burial,1.0,Possible Female,Adult,Food Vessel,Possible Female,Adult,Food Vessel,,,,,2300.0,1750.0,2025.0,1930.0
Bedlington cist 2,Northumberland,NZ2626081490,426260.0,581490.0,55.127096,-1.5897326,"55.127096,-1.5897326",Crouched burial,Indet.,Indet.,Indet.,Beaker,,,,,,,Indet.,2300.0,2100.0,2200.0,1930.0
Bedlington cist 3,Northumberland,NZ2626081490,426260.0,581490.0,55.127096,-1.5897326,"55.127096,-1.5897326",Cremation,N/a,N/a,N/a,Flint knife,,,,,,,N/a,2300.0,1750.0,2025.0,1930.0
Bedlington cist 4,Northumberland,NZ2626081490,426260.0,581490.0,55.127096,-1.5897326,"55.127096,-1.5897326",Cremation,Indet.,N/a,N/a,Food Vessel,,,,,,,N/a,2150.0,1750.0,1950.0,1930.0
Bedlington cist 5,Northumberland,NZ2626081490,426260.0,581490.0,55.127096,-1.5897326,"55.127096,-1.5897326",Crouched burial,1.0,N/a,Adult,,N/a,Adult,,,,,N/a,2300.0,1750.0,2025.0,1930.0
Benthall cist 1,Northumberland,NU237289,423700.0,628900.0,55.553225,-1.6258869,"55.553225,-1.6258869",Crouched burial,1.0,Possible Male,Adult,,Possible Male,Adult,,,,,,2300.0,1750.0,2025.0,1930.0
Benthall cist 2,Northumberland,NU237289,423700.0,628900.0,55.553225,-1.6258869,"55.553225,-1.6258869",Crouched burial,1.0,Possible Female,Adult,Food Vessel,Possible Female,Adult,Food Vessel,,,,,2150.0,1750.0,1950.0,1930.0
Bewes Hill (Stargate),Tyne and Wear,NZ17076301,417070.0,563010.0,54.961434,-1.7349445,"54.961434,-1.7349445",Uncremated remains,1.0,Possible Male,Adult,Flint knife,Possible Male,Adult,Flint knife,,,,,2200.0,1750.0,1975.0,1930.0
Birkside Fell cairn pit,Northumberland,NY934512,393400.0,551200.0,54.855550,-2.1043302,"54.855550,-2.1043302",Multiple cremation,2.0,Multiple,Adult,"Collared urn,Flint flakes",,,,Male + Indet.,Adult,"Collared urn, Flint flakes",,2000.0,1700.0,1850.0,1990.0
Blawaerie cairn 1 pyre pit,Northumberland,NU08172229,408170.0,622290.0,55.494336,-1.8722454,"55.494336,-1.8722454",Unclear,1.0,Indet.,Adult,,Indet.,Adult,,,,,Indet.,2000.0,,2000.0,1980.0
Blawaerie cairn 1 southern pit ,Northumberland,NU08172229,408170.0,622290.0,55.494336,-1.8722454,"55.494336,-1.8722454",Multiple cremation,2.0,Multiple,Adult,Food Vessel,,,,Possible Male + Indet.,Adult,Food Vessel,,2050.0,1700.0,1875.0,1980.0
Blawaerie cairn 1 stone-lined pit,Northumberland,NU08172229,408170.0,622290.0,55.494336,-1.8722454,"55.494336,-1.8722454",Cremation,1.0,Indet.,Adolescent,,Indet.,Adolescent,,,,,Indet.,2000.0,,2000.0,1980.0
Blawearie cairn 1 cist 1 ,Northumberland,NU08172229,408170.0,622290.0,55.494336,-1.8722454,"55.494336,-1.8722454",Unclear,N/a,N/a,N/a,Food Vessel,,,,,,,N/a,2300.0,1750.0,2025.0,1860.0
Blawearie cairn 1 cist A (Gw cist 2),Northumberland,NU08172229,408170.0,622290.0,55.494336,-1.8722454,"55.494336,-1.8722454",Crouched burial,N/a,N/a,N/a,Food Vessel,,,,,,,N/a,2150.0,1750.0,1950.0,1860.0
Blawearie cairn 1 cist B (Gw cist 3),Northumberland,NU08172229,408170.0,622290.0,55.494336,-1.8722454,"55.494336,-1.8722454",Crouched burial,N/a,N/a,N/a,"Flint knife,Jet necklace",,,,,,,N/a,2200.0,1800.0,2000.0,1860.0
Blawearie cairn 1 cist C (Gw cist 4),Northumberland,NU08172229,408170.0,622290.0,55.494336,-1.8722454,"55.494336,-1.8722454",Crouched burial,N/a,N/a,N/a,,,,,,,,N/a,2300.0,1750.0,2025.0,1860.0
Blawearie cairn 1 cist D,Northumberland,NU08172229,408170.0,622290.0,55.494336,-1.8722454,"55.494336,-1.8722454",Crouched burial,N/a,N/a,N/a,,,,,,,,N/a,2300.0,1750.0,2025.0,1980.0
Blawearie cairn 1 cist E,Northumberland,NU08172229,408170.0,622290.0,55.494336,-1.8722454,"55.494336,-1.8722454",Multiple cremation,2.0,Indet.,Multiple age groups,Flint flakes,,,,Indet.,,Flint flakes,Indet.,2100.0,1750.0,1925.0,1980.0
Blawearie satellite cairn 1 pit,Northumberland,NU0822,408000.0,622000.0,55.491733,-1.8749443,"55.491733,-1.8749443",Unclear,N/a,Indet.,Indet.,,,,,,,,Indet.,2000.0,,2000.0,1980.0
Bluebell Inn cist,Northumberland,NU215315,421500.0,631500.0,55.576688,-1.6605574,"55.576688,-1.6605574",Crouched burial,1.0,Indet.,Child,Beaker,Indet.,Child,Beaker,,,,Indet.,2300.0,2100.0,2200.0,1860.0
Bowchester cist,Northumberland,NT9728,397000.0,628000.0,55.545699,-2.0491018,"55.545699,-2.0491018",Crouched burial,1.0,Possible Male,Adult,Bronze dagger,Possible Male,Adult,Bronze dagger,,,,,2200.0,1750.0,1975.0,1930.0
Bowsden West Farm cist,Northumberland,NT984414,398400.0,641400.0,55.666108,-2.0269979,"55.666108,-2.0269979",Crouched burial,N/a,N/a,N/a,Food Vessel,,,,,,,N/a,2150.0,1750.0,1950.0,1960.0
Brandon cist/barrow,County Durham,NZ20724003,420720.0,540030.0,54.754794,-1.6795822,"54.754794,-1.6795822",Crouched burial,1.0,N/a,N/a,Beaker,N/a,N/a,Beaker,,,,N/a,2300.0,2100.0,2200.0,1900.0
Broomhill cist,Northumberland,NZ076606,407600.0,560600.0,54.940010,-1.8829023,"54.940010,-1.8829023",Cremation,1.0,Indet.,Child,Food Vessel,Indet.,Child,Food Vessel,,,,Indet.,2150.0,1750.0,1950.0,1970.0
Broomhill kerbed cairn cist 1,Northumberland,NT965370,396500.0,637000.0,55.626563,-2.0571437,"55.626563,-2.0571437",Crouched burial,1.0,Indet.,Child,Food Vessel,Indet.,Child,Food Vessel,,,,Indet.,2150.0,1750.0,1950.0,1850.0
Broomhill kerbed cairn cremation deposit 1,Northumberland,NT965370,396500.0,637000.0,55.626563,-2.0571437,"55.626563,-2.0571437",Cremation,1.0,Indet.,Adolescent,"Collared urn,Flint flakes,Bone pin",Indet.,Adolescent,"Collared urn, Flint flakes, Bone pin",,,,Indet.,2000.0,1500.0,1750.0,1850.0
Broomhill kerbed cairn cremation deposit 2,Northumberland,NT965370,396500.0,637000.0,55.626563,-2.0571437,"55.626563,-2.0571437",Cremation,N/a,N/a,N/a,"Cinerary urn,Flint knife",,,,,,,N/a,2000.0,1500.0,1750.0,1850.0
Broomhill kerbed cairn cremation deposit 3,Northumberland,NT965370,396500.0,637000.0,55.626563,-2.0571437,"55.626563,-2.0571437",Cremation,N/a,N/a,N/a,Urn,,,,,,,N/a,2000.0,1500.0,1750.0,1850.0
Broomhill kerbed cairn cremation deposit 4,Northumberland,NT965370,396500.0,637000.0,55.626563,-2.0571437,"55.626563,-2.0571437",Cremation,N/a,N/a,N/a,Urn,,,,,,,N/a,2000.0,1500.0,1750.0,1850.0
Broomhill kerbed cairn cremation deposit 5,Northumberland,NT965370,396500.0,637000.0,55.626563,-2.0571437,"55.626563,-2.0571437",Cremation,N/a,N/a,N/a,Urn,,,,,,,N/a,2000.0,1500.0,1750.0,1850.0
Broomhill kerbed cairn cremation deposit 6,Northumberland,NT965370,396500.0,637000.0,55.626563,-2.0571437,"55.626563,-2.0571437",Cremation,N/a,N/a,N/a,Urn,,,,,,,N/a,2000.0,1500.0,1750.0,1850.0
Broomhill kerbed cairn cremation deposit 7,Northumberland,NT965370,396500.0,637000.0,55.626563,-2.0571437,"55.626563,-2.0571437",Cremation,N/a,N/a,N/a,Urn,,,,,,,N/a,2000.0,1500.0,1750.0,1850.0
Broomhouses cist 1,Northumberland,NZ099655,409900.0,565500.0,54.984002,-1.8468347,"54.984002,-1.8468347",Crouched burial,N/a,N/a,N/a,,,,,,,,N/a,2300.0,1750.0,2025.0,1877.0
Broomhouses cist 2,Northumberland,NZ099655,409900.0,565500.0,54.984002,-1.8468347,"54.984002,-1.8468347",Crouched burial,N/a,N/a,N/a,,,,,,,,N/a,2300.0,1750.0,2025.0,1877.0
Broomhouses cist 3,Northumberland,NZ099655,409900.0,565500.0,54.984002,-1.8468347,"54.984002,-1.8468347",Cremation,1.0,Indet.,Adolescent,,Indet.,Adolescent,,,,,Indet.,2300.0,1750.0,2025.0,1877.0
Broomhouses cist 4,Northumberland,NZ099655,409900.0,565500.0,54.984002,-1.8468347,"54.984002,-1.8468347",Cremation,1.0,Indet.,Adult,,Indet.,Adult,,,,,Indet.,2300.0,1750.0,2025.0,1877.0
Broomhouses pit 1,Northumberland,NZ099655,409900.0,565500.0,54.984002,-1.8468347,"54.984002,-1.8468347",Cremation,1.0,Indet.,Adult,"Food Vessel,Flint knife",Indet.,Adult,"Food Vessel, Flint knife",,,,Indet.,2000.0,1700.0,1850.0,1877.0
Broomhouses pit 2,Northumberland,NZ099655,409900.0,565500.0,54.984002,-1.8468347,"54.984002,-1.8468347",Cremation,1.0,Indet.,Adult,Urn,Indet.,Adult,Urn,,,,Indet.,2000.0,1700.0,1850.0,1877.0
Broomridge 2 cremation deposit ,Northumberland,NT9437,394000.0,637000.0,55.626538,-2.0968453,"55.626538,-2.0968453",Cremation,N/a,N/a,N/a,Collared urn,,,,,,,N/a,2000.0,1500.0,1750.0,1850.0
Broomridge 2a cremation deposit,Northumberland,NT9437,394000.0,637000.0,55.626538,-2.0968453,"55.626538,-2.0968453",Cremation,N/a,N/a,N/a,Accessory Vessel,,,,,,,N/a,2000.0,1500.0,1750.0,1850.0
Burgh Hill cairn 1 cist,Northumberland,NU023005,402300.0,600500.0,55.298602,-1.9653228,"55.298602,-1.9653228",Crouched burial,N/a,N/a,N/a,,,,,,,,N/a,2300.0,1750.0,2025.0,1877.0
Burgh Hill cairn 2 cist,Northumberland,NU0200,402000.0,600000.0,55.294110,-1.9700509,"55.294110,-1.9700509",Crouched burial,N/a,N/a,N/a,Pottery,,,,,,,N/a,2300.0,1750.0,2025.0,1877.0
Carham cist,Northumberland,NT821357,382100.0,635700.0,55.614562,-2.2857381,"55.614562,-2.2857381",Uncremated remains,N/a,N/a,N/a,Food Vessel,,,,,,,N/a,2150.0,1750.0,1950.0,
Cartington chamber,Northumberland,NU0305,403000.0,605000.0,55.339034,-1.9542519,"55.339034,-1.9542519",Crouched burial,1.0,Indet.,Indet.,"Beaker,Flint scraper,Stiched hide",Indet.,Indet.,"Beaker, Flint scraper, Stiched hide",,,,Indet.,2340.0,2060.0,2200.0,1910.0
Catcherside cairn cremation 2,Northumberland,NY992877,399200.0,587700.0,55.183587,-2.0141044,"55.183587,-2.0141044",Cremation,Indet.,Indet.,Indet.,Urn,,,,,,,Indet.,2000.0,1500.0,1750.0,1877.0
Catcherside cairn pit 1,Northumberland,NY992877,399200.0,587700.0,55.183587,-2.0141044,"55.183587,-2.0141044",Cremation,Indet.,Indet.,Indet.,Urn,,,,,,,Indet.,2000.0,1700.0,1850.0,1877.0
Chatton barrow 1 cist,Northumberland,NU0228,402000.0,628000.0,55.545705,-1.9698616,"55.545705,-1.9698616",Crouched burial,N/a,N/a,N/a,,,,,,,,N/a,2300.0,1750.0,2025.0,1877.0
Chatton barrow 2 cist,Northumberland,NU0228,402000.0,628000.0,55.545705,-1.9698616,"55.545705,-1.9698616",Cremation,N/a,Indet.,Indet.,,,,,,,,Indet.,2100.0,1750.0,1925.0,1877.0
Chatton barrow 3 cist,Northumberland,NU0228,402000.0,628000.0,55.545705,-1.9698616,"55.545705,-1.9698616",Cremation,1.0,Indet.,Adult,Flint flakes,Indet.,Adult,Flint flakes,,,,Indet.,2100.0,1750.0,1925.0,1877.0
Chatton Sandyford cairn 1 cremation deposit 1,Northumberland,NU10032669,410035.0,626693.0,55.533864,-1.8425698,"55.533864,-1.8425698",Cremation,Indet.,Indet.,Indet.,Food Vessel,,,,,,,Indet.,2000.0,1700.0,1850.0,1960.0
Chatton Sandyford cairn 1 cremation deposit 2,Northumberland,NU10032669,410000.0,626000.0,55.527638,-1.8431491,"55.527638,-1.8431491",Cremation,Indet.,Indet.,Indet.,,,,,,,,Indet.,2000.0,1500.0,1750.0,1960.0
Chatton Sandyford cairn 1 grave 1,Northumberland,NU10032669,410000.0,626000.0,55.527638,-1.8431491,"55.527638,-1.8431491",Uncremated remains,N/a,N/a,N/a,Beaker,,,,,,,N/a,2100.0,1900.0,2000.0,1960.0
Chatton Sandyford cairn 1 grave 2,Northumberland,NU10032669,410000.0,626000.0,55.527638,-1.8431491,"55.527638,-1.8431491",Uncremated remains,N/a,N/a,N/a,Beaker,,,,,,,N/a,2100.0,1900.0,2000.0,1960.0
Chatton Sandyford cairn 1 grave 3,Northumberland,NU10032669,410000.0,626000.0,55.527638,-1.8431491,"55.527638,-1.8431491",Uncremated remains,N/a,N/a,N/a,Beaker,,,,,,,N/a,2100.0,1900.0,2000.0,1960.0
Cheswick cist,Northumberland,NU0346,403000.0,646000.0,55.707434,-1.9538249,"55.707434,-1.9538249",Uncremated remains,1.0,Indet.,Indet.,Bronze dagger,Indet.,Indet.,Bronze dagger,,,,Indet.,2150.0,1900.0,2025.0,1830.0
Cheviot Walk Wood cist 1,Northumberland,NU10161960,410160.0,619600.0,55.470128,-1.8408463,"55.470128,-1.8408463",Uncremated remains,Indet.,Indet.,Indet.,Food Vessel,,,,,,,Indet.,2150.0,1750.0,1950.0,1980.0
Cheviot Walk Wood deposit 2,Northumberland,NU10161960,410160.0,619600.0,55.470128,-1.8408463,"55.470128,-1.8408463",Cremation,1.0,Indet.,Adolescent,Food Vessel,Indet.,Adolescent,Food Vessel,,,,Indet.,2150.0,1750.0,1950.0,1980.0
Cheviot Walk Wood deposit 3,Northumberland,NU10161960,410160.0,619600.0,55.470128,-1.8408463,"55.470128,-1.8408463",Cremation,1.0,Indet.,Adult,Flint flakes,Indet.,Adult,Flint flakes,,,,Indet.,2150.0,1750.0,1950.0,1980.0
Cheviot Walk Wood deposit 4,Northumberland,NU10161960,410160.0,619600.0,55.470128,-1.8408463,"55.470128,-1.8408463",Multiple cremation,2.0,Indet.,Multiple age groups,Food Vessel,,,,Indet.,Adult + Juvenile,Food Vessel,Indet.,2150.0,1750.0,1950.0,1980.0
Cheviot Walk Wood deposit 5,Northumberland,NU10161960,410160.0,619600.0,55.470128,-1.8408463,"55.470128,-1.8408463",Multiple cremation,2.0,Indet.,Multiple age groups,Flint knife,,,,Indet.,Adult + Juvenile,Flint knife,Indet.,2150.0,1750.0,1950.0,1980.0
Cheviot Walk Wood deposit 6,Northumberland,NU10161960,410160.0,619600.0,55.470128,-1.8408463,"55.470128,-1.8408463",Cremation,1.0,Indet.,Child,"Food Vessel,Flint arrowhead",Indet.,Child,"Food Vessel, Flint arrowhead",,,,Indet.,2150.0,1750.0,1950.0,1980.0
Cheviot Walk Wood deposit 7,Northumberland,NU10161960,410160.0,619600.0,55.470128,-1.8408463,"55.470128,-1.8408463",Cremation,1.0,Indet.,Adult,Food Vessel,Indet.,Adult,Food Vessel,,,,Indet.,2150.0,1750.0,1950.0,1980.0
Chollerton cist,Northumberland,NY9572,395000.0,572000.0,55.042482,-2.0797786,"55.042482,-2.0797786",Crouched burial,1.0,Indet.,Adult,,Indet.,Adult,,,,,Indet.,2300.0,1750.0,2025.0,1840.0
Chollerton cremation deposit 1,Northumberland,NY9572,395000.0,572000.0,55.042482,-2.0797786,"55.042482,-2.0797786",Cremation,1.0,Indet.,Adult,,Indet.,Adult,,,,,Indet.,2000.0,1500.0,1750.0,1840.0
Chollerton cremation deposit 2,Northumberland,NY9572,395000.0,572000.0,55.042482,-2.0797786,"55.042482,-2.0797786",Cremation,1.0,Indet.,Adolescent,Urn,Indet.,Adolescent,Urn,,,,Indet.,2000.0,1500.0,1750.0,1840.0
Clara Vale cist (Ryton),Tyne and Wear,NZ13026462,413020.0,564620.0,54.976023,-1.7981215,"54.976023,-1.7981215",Crouched burial,1.0,Possible Male,Adult,Beaker,Possible Male,Adult,Beaker,,,,,2200.0,1950.0,2075.0,1910.0
Coldsmouth Hill north cairn cist,Northumberland,NT85732826,385730.0,628260.0,55.547833,-2.2277217,"55.547833,-2.2277217",Cremation,Indet.,Indet.,Indet.,Flint knife,,,,,,,Indet.,2150.0,1750.0,1950.0,1920.0
Coldsmouth Hill south cairn grave 1,Northumberland,NT85702817,385700.0,628170.0,55.547023,-2.2281925,"55.547023,-2.2281925",Cremation,1.0,Possible Female,Adult,Flint scraper,Possible Female,Adult,Flint scraper,,,,,2150.0,1750.0,1950.0,1920.0
Coldsmouth Hill south cairn grave 2,Northumberland,NT85702817,385700.0,628170.0,55.547023,-2.2281925,"55.547023,-2.2281925",Uncremated remains,N/a,N/a,N/a,,,,,,,,N/a,2150.0,1750.0,1950.0,1920.0
Copt Hill cist 1,County Durham,NZ35344922,435340.0,549220.0,54.836563,-1.4513144,"54.836563,-1.4513144",Crouched burial,1.0,Indet.,Child,,Indet.,Child,,,,,Indet.,2300.0,1750.0,2025.0,1870.0
Copt Hill cist 2,County Durham,NZ35344922,435340.0,549220.0,54.836563,-1.4513144,"54.836563,-1.4513144",N/a,1.0,N/a,N/a,,N/a,N/a,,,,,N/a,,,,1870.0
Copt Hill cremation deposit 1,County Durham,NZ35344922,435340.0,549220.0,54.836563,-1.4513144,"54.836563,-1.4513144",Cremation,N/a,Indet.,Indet.,Flint flakes,,,,,,,Indet.,2000.0,,2000.0,1870.0
Copt Hill cremation deposit 2,County Durham,NZ35344922,435340.0,549220.0,54.836563,-1.4513144,"54.836563,-1.4513144",Cremation,1.0,Indet.,Indet.,,Indet.,Indet.,,,,,Indet.,2000.0,,2000.0,1870.0
Copt Hill cremation deposit 3,County Durham,NZ35344922,435340.0,549220.0,54.836563,-1.4513144,"54.836563,-1.4513144",Cremation,1.0,Indet.,Indet.,,Indet.,Indet.,,,,,Indet.,2000.0,,2000.0,1870.0
Copt Hill grave 1,County Durham,NZ35344922,435340.0,549220.0,54.836563,-1.4513144,"54.836563,-1.4513144",Uncremated remains,1.0,Indet.,Indet.,Flint scraper,Indet.,Indet.,Flint scraper,,,,Indet.,2150.0,1700.0,1925.0,1870.0
Copt Hill grave 1,County Durham,NZ35344922,435340.0,549220.0,54.836563,-1.4513144,"54.836563,-1.4513144",Crouched burial,1.0,Indet.,Indet.,,Indet.,Indet.,,,,,Indet.,2150.0,1700.0,1925.0,1870.0
Copt Hill grave 2,County Durham,NZ35344922,435340.0,549220.0,54.836563,-1.4513144,"54.836563,-1.4513144",Crouched burial,1.0,Possible Male,Adult,,Possible Male,Adult,,,,,,2150.0,1700.0,1925.0,1870.0
Copt Hill grave 3,County Durham,NZ35344922,435340.0,549220.0,54.836563,-1.4513144,"54.836563,-1.4513144",Crouched burial,1.0,Indet.,Indet.,Food Vessel,Indet.,Indet.,Food Vessel,,,,Indet.,2150.0,1700.0,1925.0,1870.0
Copt Hill urned cremation deposit,County Durham,NZ35344922,435340.0,549220.0,54.836563,-1.4513144,"54.836563,-1.4513144",Cremation,N/a,Indet.,Indet.,Food Vessel,,,,,,,Indet.,2000.0,1700.0,1850.0,1870.0
Corby's Crags rock shelter feature 1,Northumberland,NU12800965,412800.0,609650.0,55.380661,-1.7995406,"55.380661,-1.7995406",Cremation,Indet.,Indet.,Indet.,Food Vessel,,,,,,,Indet.,2000.0,1700.0,1850.0,1970.0
Crag Hall cist 1,Northumberland,NZ2567,425000.0,567000.0,54.996956,-1.6107558,"54.996956,-1.6107558",Cremation,Indet.,Indet.,Indet.,Urn,,,,,,,Indet.,2150.0,1750.0,1950.0,1840.0
Crag Hall cist 1,Northumberland,NZ2567,425000.0,567000.0,54.996956,-1.6107558,"54.996956,-1.6107558",Cremation,Indet.,Indet.,Indet.,Urn,,,,,,,Indet.,2150.0,1750.0,1950.0,1840.0
Crag Hall cist 2,Northumberland,NZ2567,425000.0,567000.0,54.996956,-1.6107558,"54.996956,-1.6107558",Cremation,Indet.,Indet.,Indet.,Urn,,,,,,,Indet.,2150.0,1750.0,1950.0,1840.0
Crag Hall cist 2,Northumberland,NZ2567,425000.0,567000.0,54.996956,-1.6107558,"54.996956,-1.6107558",Cremation,Indet.,Indet.,Indet.,Urn,,,,,,,Indet.,2150.0,1750.0,1950.0,1840.0
Crawley Edge cremation deposit,County Durham,NZ00093979,400090.0,539790.0,54.753059,-2.0001237,"54.753059,-2.0001237",Cremation,Indet.,Indet.,Indet.,"Collared urn,Lead ore",,,,,,,Indet.,2000.0,1550.0,1775.0,1970.0
Debdon Farm cairn 1 cist 1,Northumberland,NU0504 ,405000.0,604000.0,55.330032,-1.9227385,"55.330032,-1.9227385",Uncremated remains,1.0,Indet.,Adult,,Indet.,Adult,,,,,Indet.,2300.0,1750.0,2025.0,1877.0
Debdon Farm cairn 1 cremation deposit,Northumberland,NU0504 ,405000.0,604000.0,55.330032,-1.9227385,"55.330032,-1.9227385",Cremation,1.0,Indet.,Adult,,Indet.,Adult,,,,,Indet.,2000.0,,2000.0,1877.0
Debdon Farm cairn 2 pit,Northumberland,NU0504 ,405000.0,604000.0,55.330032,-1.9227385,"55.330032,-1.9227385",Cremation,1.0,Indet.,Adult,,Indet.,Adult,,,,,Indet.,2000.0,,2000.0,1877.0
Denton cist,Northumberland,NZ1965,419000.0,565000.0,54.979247,-1.7046725,"54.979247,-1.7046725",Uncremated remains,N/a,N/a,N/a,Food Vessel,,,,,,,N/a,2150.0,1750.0,1950.0,1822.0
Dilston Park cist A,Northumberland,NY9663,396000.0,563000.0,54.961616,-2.0640005,"54.961616,-2.0640005",Inhumation and Cremation,N/a,N/a,Adult,Beaker,,,,,,,N/a,2300.0,2100.0,2200.0,1900.0
Dilston Park cist B,Northumberland,NY9663,396000.0,563000.0,54.961616,-2.0640005,"54.961616,-2.0640005",Uncremated remains,N/a,N/a,N/a,Beaker,,,,,,,N/a,2300.0,2100.0,2200.0,1900.0
Doddington cist,Northumberland,NU005310,400500.0,631000.0,55.572664,-1.9936295,"55.572664,-1.9936295",Crouched burial,1.0,Possible Male,Adult,"Food Vessel,Flint knife,Stitched hide,Flint flakes",Possible Male,Adult,"Food Vessel, Flint knife, Stitched hide, Flint flakes",,,,,2150.0,1750.0,1950.0,1860.0
Dour Hill cist,Northumberland,NT794021,379400.0,602100.0,55.312548,-2.3260991,"55.312548,-2.3260991",Uncremated remains,1.0,Indet.,Child,Food Vessel,Indet.,Child,Food Vessel,,,,Indet.,2150.0,1950.0,2050.0,1970.0
Dour Hill cist,Northumberland,NT794021,379400.0,602100.0,55.312548,-2.3260991,"55.312548,-2.3260991",Uncremated remains,1.0,Indet.,Child,Food Vessel,Indet.,Child,Food Vessel,,,,Indet.,2150.0,1750.0,1950.0,1970.0
Elsnook cist,Northumberland,NU183187,418300.0,618700.0,55.461806,-1.7121504,"55.461806,-1.7121504",Uncremated remains,N/a,N/a,N/a,Beaker,,,,,,,N/a,2200.0,2000.0,2100.0,1920.0
Etal Moor barrow Beaker find,Northumberland,NT9640,396000.0,640000.0,55.653514,-2.0651289,"55.653514,-2.0651289",N/a,N/a,N/a,N/a,Beaker,,,,,,,N/a,2200.0,1850.0,2025.0,1860.0
Etal Moor barrow cist (Kinnes and Longworth burial 5),Northumberland,NT9640,396000.0,640000.0,55.653514,-2.0651289,"55.653514,-2.0651289",Cremation,1.0,N/a,Adult,,N/a,Adult,,,,,N/a,2100.0,1750.0,1925.0,1860.0
Etal Moor barrow cremation deposit ,Northumberland,NT9640,396000.0,640000.0,55.653514,-2.0651289,"55.653514,-2.0651289",Cremation,N/a,N/a,N/a,Urn,,,,,,,N/a,2000.0,1500.0,1750.0,1860.0
Etal Moor barrow cremation pit,Northumberland,NT9640,396000.0,640000.0,55.653514,-2.0651289,"55.653514,-2.0651289",Cremation,1.0,N/a,Adult,"Collared urn,Accessory Vessel",N/a,Adult,"Collared urn, Accessory Vessel",,,,N/a,2000.0,1550.0,1775.0,1860.0
Etal Moor barrow cremation pit,Northumberland,NT9640,396000.0,640000.0,55.653514,-2.0651289,"55.653514,-2.0651289",Cremation,1.0,N/a,Adult,"Collared urn,Bronze awl,Bone pin",N/a,Adult,"Collared urn, Bronze awl, Bone pin",,,,N/a,2000.0,1550.0,1775.0,1860.0
Farnham cist ,Northumberland,NT9206,392000.0,606000.0,55.347961,-2.1277005,"55.347961,-2.1277005",Crouched burial,N/a,N/a,N/a,Beaker,,,,,,,N/a,2200.0,2000.0,2100.0,
Farnham cremation,Northumberland,NT9206,392000.0,606000.0,55.347961,-2.1277005,"55.347961,-2.1277005",Cremation,N/a,N/a,N/a,Food Vessel,,,,,,,N/a,2000.0,1700.0,1850.0,
Fatfield barrow cist 1,Tyne and Wear,NZ30755372,430750.0,553720.0,54.877302,-1.5222961,"54.877302,-1.5222961",Crouched burial,1.0,N/a,Adult,,N/a,Adult,,,,,N/a,2300.0,1750.0,2025.0,1900.0
Fatfield barrow cist 2,Tyne and Wear,NZ30755372,430750.0,553720.0,54.877302,-1.5222961,"54.877302,-1.5222961",Crouched burial,1.0,N/a,Adult,Food Vessel,N/a,Adult,Food Vessel,,,,N/a,2150.0,1750.0,1950.0,1900.0
Fatfield barrow cist 3,Tyne and Wear,NZ30755372,430750.0,553720.0,54.877302,-1.5222961,"54.877302,-1.5222961",Crouched burial,1.0,Possible Male,Adult,,Possible Male,Adult,,,,,,2300.0,1750.0,2025.0,1900.0
Fawns barrow cremation deposit 1,Northumberland,NZ007853,400700.0,585300.0,55.162022,-1.9905533,"55.162022,-1.9905533",Cremation,1.0,Indet.,Adult,Flint flakes,Indet.,Adult,Flint flakes,,,,Indet.,2000.0,,2000.0,1877.0
Fawns barrow cremation deposit 2,Northumberland,NZ007853,400700.0,585300.0,55.162022,-1.9905533,"55.162022,-1.9905533",Cremation,1.0,Indet.,Child,Food Vessel,Indet.,Child,Food Vessel,,,,Indet.,2000.0,1700.0,1850.0,1877.0
Fawns barrow cremation deposit 3,Northumberland,NZ007853,400700.0,585300.0,55.162022,-1.9905533,"55.162022,-1.9905533",Cremation,1.0,Indet.,Indet.,Urn,Indet.,Indet.,Urn,,,,Indet.,2000.0,,2000.0,1877.0
Ford barrow cremation deposit 1,Northumberland,NT9538,395000.0,638000.0,55.635534,-2.0809832,"55.635534,-2.0809832",Cremation,N/a,Indet.,Indet.,,,,,,,,Indet.,2000.0,,2000.0,1860.0
Ford barrow cremation deposit 2,Northumberland,NT9538,395000.0,638000.0,55.635534,-2.0809832,"55.635534,-2.0809832",Cremation,N/a,Indet.,Indet.,,,,,,,,Indet.,2000.0,,2000.0,1860.0
Ford barrow cremation deposit 3,Northumberland,NT9538,395000.0,638000.0,55.635534,-2.0809832,"55.635534,-2.0809832",Cremation,1.0,Possible Female,Adult,"Collared urn,Flint flakes,Jet beads",Possible Female,Adult,"Collared urn, Flint flakes, Jet beads",,,,,2000.0,1800.0,1900.0,1860.0
Gains Law ring cairn cist 1,Northumberland,NT956282,395600.0,628200.0,55.547485,-2.0712923,"55.547485,-2.0712923",Inhumation and Cremation,N/a,N/a,N/a,Food Vessel,,,,,,,N/a,2150.0,1750.0,1950.0,1980.0
Gains Law ring cairn cist 2,Northumberland,NT956282,395600.0,628200.0,55.547485,-2.0712923,"55.547485,-2.0712923",Uncremated remains,1.0,Indet.,Indet.,Food Vessel,Indet.,Indet.,Food Vessel,,,,Indet.,2150.0,1700.0,1925.0,1980.0
Goatscrag site A C1,Northumberland,NT977371,397700.0,637100.0,55.627469,-2.0380878,"55.627469,-2.0380878",Cremation,1.0,Possible Male,Adolescent,Urn,Possible Male,Adolescent,Urn,,,,,2000.0,1700.0,1850.0,1960.0
Goatscrag site A C2,Northumberland,NT977371,397700.0,637100.0,55.627469,-2.0380878,"55.627469,-2.0380878",Multiple cremation,2.0,Multiple,Multiple age groups,Urn,,,,Female + Indet.,Adult + Juvenile,Urn,,2000.0,1700.0,1850.0,1960.0
Goatscrag site A C3,Northumberland,NT977371,397700.0,637100.0,55.627469,-2.0380878,"55.627469,-2.0380878",Cremation,1.0,Indet.,Adolescent,Jet bead,Indet.,Adolescent,Jet bead,,,,Indet.,2000.0,,2000.0,1960.0
Goatscrag site A C4,Northumberland,NT977371,397700.0,637100.0,55.627469,-2.0380878,"55.627469,-2.0380878",Cremation,1.0,Indet.,Adolescent,Flint flakes,Indet.,Adolescent,Flint flakes,,,,Indet.,2000.0,,2000.0,1960.0
Great Tosson cist 1,Northumberland,NU030005,403000.0,600500.0,55.298598,-1.9542982,"55.298598,-1.9542982",Crouched burial,1.0,Possible Female,Adult,"Food Vessel,Jet button",Possible Female,Adult,"Food Vessel, Jet button",,,,,2150.0,1750.0,1950.0,1890.0
Great Tosson cist 2,Northumberland,NU030005,403000.0,600500.0,55.298598,-1.9542982,"55.298598,-1.9542982",Crouched burial,1.0,Indet.,Adult,"Food Vessel,Jet button,Antler pick",Indet.,Adult,"Food Vessel, Jet button, Antler pick",,,,Indet.,2000.0,1700.0,1850.0,1890.0
Green Leighton barrow deposit 1,Northumberland,NZ0986,409000.0,586000.0,55.168232,-1.8602587,"55.168232,-1.8602587",Uncremated remains,N/a,N/a,N/a,Food Vessel,,,,,,,N/a,2000.0,1700.0,1850.0,1877.0
Green Leighton barrow deposit 2,Northumberland,NZ0986,409000.0,586000.0,55.168232,-1.8602587,"55.168232,-1.8602587",Uncremated remains,N/a,N/a,N/a,,,,,,,,N/a,2300.0,1500.0,1900.0,1877.0
Greenhill cist,Northumberland,NU0222,402000.0,622000.0,55.491793,-1.9699025,"55.491793,-1.9699025",Uncremated remains,N/a,N/a,N/a,Food Vessel,,,,,,,N/a,2150.0,1750.0,1950.0,1870.0
Grundstone Law cist,Northumberland,NZ004734,400400.0,573400.0,55.055089,-1.9952739,"55.055089,-1.9952739",Crouched burial,2.0,Multiple,Adult,,,,,Male + Possible Male,Adult,,,2300.0,1750.0,2025.0,1860.0
Grundstone Law deposit 1,Northumberland,NZ004734,400400.0,573400.0,55.055089,-1.9952739,"55.055089,-1.9952739",Uncremated remains,1.0,N/a,N/a,,N/a,N/a,,,,,N/a,2300.0,1750.0,2025.0,1860.0
Gunnerton cist,Northumberland,NY905750,390500.0,575000.0,55.069373,-2.1502990,"55.069373,-2.1502990",Uncremated remains,1.0,N/a,N/a,Bone pin,N/a,N/a,Bone pin,,,,N/a,2300.0,1750.0,2025.0,
Harbottle Peels cairn (Gw202) cist 1,Northumberland,NT9404,394000.0,604000.0,55.330018,-2.0961190,"55.330018,-2.0961190",Uncremated remains,N/a,N/a,N/a,Food Vessel,,,,,,,N/a,2300.0,1750.0,2025.0,1877.0
Harbottle Peels cairn (Gw202) cist 2,Northumberland,NT9404,394000.0,604000.0,55.330018,-2.0961190,"55.330018,-2.0961190",Uncremated remains,N/a,N/a,N/a,Food Vessel,,,,,,,N/a,2150.0,1750.0,1950.0,1877.0
Harbottle Peels cairn (Gw202) cist 3,Northumberland,NT9404,394000.0,604000.0,55.330018,-2.0961190,"55.330018,-2.0961190",Uncremated remains,N/a,N/a,N/a,Food Vessel,,,,,,,N/a,2150.0,1750.0,1950.0,1877.0
Harbottle Peels cairn (Gw202) cist 4,Northumberland,NT9404,394000.0,604000.0,55.330018,-2.0961190,"55.330018,-2.0961190",Uncremated remains,N/a,N/a,N/a,,,,,,,,N/a,2300.0,1750.0,2025.0,1877.0
Harbottle Peels cairn (Gw202) cremation 1,Northumberland,NT9404,394000.0,604000.0,55.330018,-2.0961190,"55.330018,-2.0961190",Cremation,1.0,Indet.,Adult,Urn,Indet.,Adult,Urn,,,,Indet.,2000.0,,2000.0,1877.0
Harbottle Peels cairn (Gw202) cremation 2,Northumberland,NT9404,394000.0,604000.0,55.330018,-2.0961190,"55.330018,-2.0961190",Cremation,1.0,Indet.,Child,,Indet.,Child,,,,,Indet.,2000.0,,2000.0,1877.0
Harbottle Peels cairn (Gw202) cremation 3,Northumberland,NT9404,394000.0,604000.0,55.330018,-2.0961190,"55.330018,-2.0961190",Cremation,1.0,Possible Male,Adult,,Possible Male,Adult,,,,,,2000.0,,2000.0,1877.0
Harbottle Peels cairn (Gw202) possible inhumation placement 2,Northumberland,NT9404,394000.0,604000.0,55.330018,-2.0961190,"55.330018,-2.0961190",Uncremated remains,N/a,N/a,N/a,Food Vessel,,,,,,,N/a,2150.0,1750.0,1950.0,1877.0
Harbottle Peels cairn (Gw202) probable inhumation placement 1,Northumberland,NT9404,394000.0,604000.0,55.330018,-2.0961190,"55.330018,-2.0961190",Uncremated remains,N/a,N/a,N/a,Food Vessel,,,,,,,N/a,2150.0,1750.0,1950.0,1877.0
Harehope Hill cist,Northumberland,NU0820,408000.0,620000.0,55.473762,-1.8750011,"55.473762,-1.8750011",Uncremated remains,N/a,N/a,N/a,"Food Vessel,Flint knife",,,,,,,N/a,2000.0,1750.0,1875.0,1860.0
Hasting Hill cist 1 (Trechmann find 9),Tyne and Wear,NZ35275435,435270.0,554350.0,54.882666,-1.4517795,"54.882666,-1.4517795",Crouched burial,1.0,Male,Adult,"Beaker,Flint knife,Antler pick,Bone pin",Male,Adult,"Beaker, Flint knife, Antler pick, Bone pin",,,,,2200.0,2000.0,2100.0,1910.0
Hasting Hill cist 1 (Trechmann find 9),Tyne and Wear,NZ35275435,435270.0,554350.0,54.882666,-1.4517795,"54.882666,-1.4517795",Inhumation and Cremation,2.0,Indet.,Multiple age groups,"Beaker,Flint knife,Antler pick,Bone pin",,,,Indet.,Adult + Juvenile,"Beaker, Flint knife, Antler pick, Bone pin",Indet.,2200.0,2000.0,2100.0,1910.0
Hasting Hill cist 2 (Trechmann Find 10),Tyne and Wear,NZ35275435,435270.0,554350.0,54.882666,-1.4517795,"54.882666,-1.4517795",Crouched burial,1.0,Male,Senior,"Food Vessel,Flint flakes",Male,Senior,"Food Vessel, Flint flakes",,,,,2150.0,1750.0,1950.0,1910.0
Hasting Hill cist 3 (Trechmann Find 12),Tyne and Wear,NZ35275435,435270.0,554350.0,54.882666,-1.4517795,"54.882666,-1.4517795",Crouched burial,1.0,Indet.,Child,"Food Vessel,Flint flakes,Animal tooth",Indet.,Child,"Food Vessel, Flint flakes, Animal tooth",,,,Indet.,1950.0,1750.0,1850.0,1910.0
Hasting Hill cist 4 (Trechmann Find 1),Tyne and Wear,NZ35275435,435270.0,554350.0,54.882666,-1.4517795,"54.882666,-1.4517795",Cremation,N/a,Indet.,Indet.,"Food Vessel,Accessory Vessel,Flint flakes",,,,,,,Indet.,2150.0,1750.0,1950.0,1910.0
Hasting Hill grave 1 (Trechmann find 11),Tyne and Wear,NZ35275435,435270.0,554350.0,54.882666,-1.4517795,"54.882666,-1.4517795",Crouched burial,1.0,Female,Adult,,Female,Adult,,,,,,2200.0,1900.0,2050.0,1910.0
Hasting Hill square cist 1 (Trechmann 1914 Find 8),Tyne and Wear,NZ35275435,435270.0,554350.0,54.882666,-1.4517795,"54.882666,-1.4517795",Cremation,N/a,Indet.,Indet.,,,,,,,,Indet.,2100.0,1700.0,1900.0,1910.0
Hasting Hill square cist 2 (Trechmann Find 5),Tyne and Wear,NZ35275435,435270.0,554350.0,54.882666,-1.4517795,"54.882666,-1.4517795",Cremation,N/a,Indet.,Indet.,Animal tooth,,,,,,,Indet.,2100.0,1700.0,1900.0,1910.0
Hasting Hill stone-lined pit (Trechmann find 6),Tyne and Wear,NZ35275435,435270.0,554350.0,54.882666,-1.4517795,"54.882666,-1.4517795",Cremation,N/a,Indet.,Indet.,Food Vessel,,,,,,,Indet.,2000.0,1700.0,1850.0,1910.0
Hasting Hill unurned cremation deposit 1 (Trechmann find 2),Tyne and Wear,NZ35275435,435270.0,554350.0,54.882666,-1.4517795,"54.882666,-1.4517795",Cremation,N/a,Indet.,Indet.,Food Vessel,,,,,,,Indet.,2000.0,1700.0,1850.0,1910.0
Hasting Hill unurned cremation deposit 2 (Trechmann find 3),Tyne and Wear,NZ35275435,435270.0,554350.0,54.882666,-1.4517795,"54.882666,-1.4517795",Cremation,N/a,Indet.,Indet.,,,,,,,,Indet.,2000.0,,2000.0,1910.0
Haugh Head cist,Northumberland,NU0026,400000.0,626000.0,55.527738,-2.0015569,"55.527738,-2.0015569",Inhumation and Cremation,Indet.,Indet.,Indet.,"Food Vessel,Flint arrowhead,Flint flakes",,,,,,,Indet.,2150.0,1750.0,1950.0,1940.0
Hedley Wood cist,Northumberland,NT985006,398500.0,600600.0,55.299502,-2.0251711,"55.299502,-2.0251711",Unclear,N/a,N/a,N/a,"Food Vessel,Flint flakes",,,,,,,N/a,2000.0,1750.0,1875.0,
Hepple round cairn cremation deposit,Northumberland,NT980000,398000.0,600000.0,55.294109,-2.0330414,"55.294109,-2.0330414",Cremation,N/a,N/a,N/a,Jet bead,,,,,,,N/a,2200.0,1600.0,1900.0,
Hexham Golf Course cist,Northumberland,NY922649,392200.0,564900.0,54.978644,-2.1233986,"54.978644,-2.1233986",Uncremated remains,1.0,Indet.,Adult,,Indet.,Adult,,,,,Indet.,2300.0,1750.0,2025.0,1920.0
High Buston cist,Northumberland,NU2308,423000.0,608000.0,55.365466,-1.6387020,"55.365466,-1.6387020",Uncremated remains,2.0,Multiple,Adult,Beaker,,,,Male + Indet.,Adult,Beaker,,2300.0,2100.0,2200.0,1900.0
High Knowes cairnfield A cairn 2,Northumberland,NT967121,396720.0,612130.0,55.403098,-2.0533454,"55.403098,-2.0533454",Uncremated remains,N/a,N/a,N/a,"Beaker,Flint scraper,Flint arrowhead",,,,,,,N/a,2450.0,2200.0,2325.0,1960.0
High Knowes cairnfield B ring ditch pit 1,Northumberland,NT967121,396720.0,612130.0,55.403098,-2.0533454,"55.403098,-2.0533454",Cremation,Indet.,Indet.,Indet.,,,,,,,,Indet.,,,,1960.0
High Knowes cairnfield B ring ditch pit 2,Northumberland,NT967121,396720.0,612130.0,55.403098,-2.0533454,"55.403098,-2.0533454",Cremation,Indet.,Indet.,Indet.,,,,,,,,Indet.,,,,1960.0
High Knowes henge ('burial 3'),Northumberland,NT967121,396720.0,612130.0,55.403098,-2.0533454,"55.403098,-2.0533454",N/a,N/a,N/a,N/a,"Flint scraper,Jet cup",,,,,,,N/a,2200.0,1500.0,1850.0,1960.0
Hollybush Field cist,Northumberland,NY894746,389400.0,574600.0,55.065756,-2.1675091,"55.065756,-2.1675091",Crouched burial,1.0,Male,Adult,,Male,Adult,,,,,,2200.0,2100.0,2150.0,1970.0
Holystone Common cairn 1 cist,Northumberland,NT950020,395000.0,602000.0,55.312058,-2.0803207,"55.312058,-2.0803207",Cremation,1.0,Indet.,Indet.,Food Vessel,Indet.,Indet.,Food Vessel,,,,Indet.,2150.0,1750.0,1950.0,1877.0
Holystone Common cairn 1 cremation 1,Northumberland,NT950020,395000.0,602000.0,55.312058,-2.0803207,"55.312058,-2.0803207",Cremation,1.0,Indet.,Adult,,Indet.,Adult,,,,,Indet.,2000.0,1500.0,1750.0,1877.0
Holystone Common cairn 1 cremation 2,Northumberland,NT950020,395000.0,602000.0,55.312058,-2.0803207,"55.312058,-2.0803207",Cremation,1.0,Indet.,Adult,,Indet.,Adult,,,,,Indet.,2000.0,1500.0,1750.0,1877.0
Holystone Common cairn 2 cremation 1,Northumberland,NT961004,396100.0,600400.0,55.297691,-2.0629676,"55.297691,-2.0629676",Multiple cremation,3.0,Multiple,Multiple age groups,"Bone pin,Flint flakes",,,,Possible Female + Indet.,Adult + Juvenile,"Bone pin, Flint flakes",,2000.0,1500.0,1750.0,1877.0
Holystone Common cairn 2 cremation 2,Northumberland,NT961004,396100.0,600400.0,55.297691,-2.0629676,"55.297691,-2.0629676",Multiple cremation,2.0,Indet.,Adult,Flint flakes,,,,Indet.,Adult,Flint flakes,Indet.,2000.0,1500.0,1750.0,1877.0
Holystone Common cairn 2 cremation 3,Northumberland,NT961004,396100.0,600400.0,55.297691,-2.0629676,"55.297691,-2.0629676",Cremation,1.0,Indet.,Adolescent,"Collared urn,Flint flakes,Bone pin",Indet.,Adolescent,"Collared urn, Flint flakes, Bone pin",,,,Indet.,2000.0,1500.0,1750.0,1877.0
Holystone Common cairn 2 cremation 4,Northumberland,NT961004,396100.0,600400.0,55.297691,-2.0629676,"55.297691,-2.0629676",Cremation,1.0,Indet.,Adult,Food Vessel,Indet.,Adult,Food Vessel,,,,Indet.,2000.0,1500.0,1750.0,1877.0
How Tallon burial 1,County Durham,NZ057074,405700.0,507400.0,54.461948,-1.9135784,"54.461948,-1.9135784",Crouched burial,1.0,Possible Male,Adult,,Possible Male,Adult,,,,,,1750.0,,1750.0,1890.0
How Tallon burial 2,County Durham,NZ057074,405700.0,507400.0,54.461948,-1.9135784,"54.461948,-1.9135784",Crouched burial,1.0,Possible Male,Senior,"Food Vessel,Flint knife,Flint arrowhead",Possible Male,Senior,"Food Vessel, Flint knife, Flint arrowhead",,,,,2150.0,1750.0,1950.0,1890.0
How Tallon burial 3,County Durham,NZ057074,405700.0,507400.0,54.461948,-1.9135784,"54.461948,-1.9135784",Crouched burial,1.0,Indet.,Child,"Beaker,Flint flakes",Indet.,Child,"Beaker, Flint flakes",,,,Indet.,2450.0,1800.0,2125.0,1890.0
How Tallon burial 4,County Durham,NZ057074,405700.0,507400.0,54.461948,-1.9135784,"54.461948,-1.9135784",Crouched burial,1.0,Possible Female,Adolescent,,Possible Female,Adolescent,,,,,,1750.0,,1750.0,1890.0
How Tallon burial 5,County Durham,NZ057074,405700.0,507400.0,54.461948,-1.9135784,"54.461948,-1.9135784",Crouched burial,1.0,N/a,N/a,Flint scraper,N/a,N/a,Flint scraper,,,,N/a,1750.0,,1750.0,1890.0
Howick cist 1,Northumberland,NU25851657,425850.0,616570.0,55.442329,-1.5929515,"55.442329,-1.5929515",Uncremated remains,N/a,N/a,N/a,,,,,,,,N/a,2300.0,1750.0,2025.0,2000.0
Howick cist 2,Northumberland,NU25851657,425850.0,616570.0,55.442329,-1.5929515,"55.442329,-1.5929515",Uncremated remains,1.0,Indet.,Child,Pottery,Indet.,Child,Pottery,,,,Indet.,2300.0,1750.0,2025.0,2000.0
Howick cist 3,Northumberland,NU25851657,425850.0,616570.0,55.442329,-1.5929515,"55.442329,-1.5929515",Uncremated remains,N/a,N/a,N/a,,,,,,,,N/a,2300.0,1750.0,2025.0,2000.0
Howick cist 4,Northumberland,NU25851657,425850.0,616570.0,55.442329,-1.5929515,"55.442329,-1.5929515",Uncremated remains,N/a,N/a,N/a,Flint flakes,,,,,,,N/a,2300.0,1750.0,2025.0,2000.0
Howick cist 5,Northumberland,NU25851657,425850.0,616570.0,55.442329,-1.5929515,"55.442329,-1.5929515",Uncremated remains,N/a,N/a,N/a,"Food Vessel,Flint flakes",,,,,,,N/a,2150.0,1750.0,1950.0,2000.0
Howick Heugh ring cairn burial,Northumberland,NU237171,423700.0,617100.0,55.447199,-1.6268900,"55.447199,-1.6268900",Uncremated remains,1.0,Male,Adult,,Male,Adult,,,,,,2450.0,1750.0,2100.0,1970.0
Howick Heugh ring cairn cremation 1,Northumberland,NU237171,423700.0,617100.0,55.447199,-1.6268900,"55.447199,-1.6268900",Multiple cremation,2.0,Multiple,Multiple age groups,"Collared urn,Whetstone",,,"Collared urn, Whetstone",Female + Indet.,Adult + Juvenile,,,1900.0,1550.0,1725.0,1970.0
Howick Heugh ring cairn cremation 2,Northumberland,NU237171,423700.0,617100.0,55.447199,-1.6268900,"55.447199,-1.6268900",Cremation,N/a,N/a,N/a,,,,,,,,N/a,2000.0,,2000.0,1970.0
Howick Heugh ring cairn cremation 3,Northumberland,NU237171,423700.0,617100.0,55.447199,-1.6268900,"55.447199,-1.6268900",Cremation,N/a,N/a,N/a,Flint flakes,,,,,,,N/a,2000.0,,2000.0,1970.0
Howick Heugh ring cairn cremation 4,Northumberland,NU237171,423700.0,617100.0,55.447199,-1.6268900,"55.447199,-1.6268900",Cremation,N/a,N/a,N/a,,,,,,,,N/a,2000.0,,2000.0,1970.0
Humbleton Burn house,Northumberland,Unknown,,,,,,Crouched burial,1.0,Possible Male,Adult,,Possible Male,Adult,,,,,,2300.0,1750.0,2025.0,1810.0
Huntlaw Quarry cist,Northumberland,Unknown,,,,,,Crouched burial,1.0,Indet.,Indet.,Beaker,Indet.,Indet.,Beaker,,,,Indet.,2200.0,2000.0,2100.0,1920.0
Jubilee Wood cist,Northumberland,NU0320,403000.0,602000.0,55.312077,-1.9542828,"55.312077,-1.9542828",Crouched burial,2,Indet.,Multiple age groups,,,,,Indet.,Adult + Juvenile,,Indet.,2300.0,1750.0,2025.0,1930.0
Kirkhaugh barrow 1 deposit ,Northumberland,NY700504,370000.0,550400.0,54.847500,-2.4687243,"54.847500,-2.4687243",Uncremated remains,N/a,N/a,N/a,"Golden jewellery,Flint arrowhead,Flint chisel,Flint flakes,Fragmented stone tools,Iron nodule,Medieval glazed vessel shard,1800 AD mug handle",,,,,,,N/a,2450.0,2200.0,2325.0,1930.0
Kirkhaugh barrow 2 cist,Northumberland,NY700503,370000.0,550300.0,54.846601,-2.4687139,"54.846601,-2.4687139",Uncremated remains,N/a,N/a,N/a,,,,,,,,N/a,2300.0,1750.0,2025.0,1930.0
Kirkhill pit A,Northumberland,NT975007,397500.0,600700.0,55.300397,-2.0409217,"55.300397,-2.0409217",Multiple cremation,4.0,Indet.,Multiple age groups,"Collared urn,Flint flakes",,,,Indet.,Adult + Juvenile,"Collared urn, Flint flakes",Indet.,1600.0,1500.0,1550.0,1970.0
Kirkhill pit B,Northumberland,NT975007,397500.0,600700.0,55.300397,-2.0409217,"55.300397,-2.0409217",Uncremated remains,N/a,N/a,N/a,,,,,,,,N/a,,,,1970.0
Kirkhill pit C,Northumberland,NT975007,397500.0,600700.0,55.300397,-2.0409217,"55.300397,-2.0409217",Crouched burial,1.0,N/a,N/a,Bronze awl,N/a,N/a,Bronze awl,,,,N/a,2200.0,1500.0,1850.0,1970.0
Kyloe cist,Northumberland,NU0440,404000.0,640000.0,55.653516,-1.9379965,"55.653516,-1.9379965",Uncremated remains,N/a,N/a,N/a,"Food Vessel,Plates,Jet beads",,,,,,,N/a,2200.0,1950.0,2075.0,1920.0
Lilburn Hill Farm cist 1,Northumberland,NU020263,402000.0,626300.0,55.530430,-1.9698732,"55.530430,-1.9698732",Multiple cremation,Indet.,N/a,N/a,Carved stone ,,,,,,,N/a,2300.0,1700.0,2000.0,1880.0
Lilburn Hill Farm cist 2 (North Cairnfold Field),Northumberland,NU0124,401000.0,624000.0,55.509766,-1.9857225,"55.509766,-1.9857225",Unclear,N/a,Indet.,Indet.,Trace of iron,,,,,,,Indet.,2300.0,1950.0,2125.0,1880.0
Lilburn Hill Farm cist 3 (North Cairnfold Field),Northumberland,NU0124,401000.0,624000.0,55.509766,-1.9857225,"55.509766,-1.9857225",Unclear,N/a,Indet.,Indet.,,,,,,,,Indet.,2300.0,1950.0,2125.0,1880.0
Lilburn Hill Farm cist 4 (East Cairnfold Field),Northumberland,NU0225,402000.0,625000.0,55.518749,-1.9698821,"55.518749,-1.9698821",Unclear,N/a,Indet.,Indet.,Beaker,,,,,,,Indet.,2300.0,1950.0,2125.0,1880.0
Lilburn Hill Farm cist 5 (East Cairnfold Field),Northumberland,NU0226,402000.0,625000.0,55.518749,-1.9698821,"55.518749,-1.9698821",Unclear,N/a,Indet.,Indet.,Beaker,,,,,,,Indet.,2300.0,1950.0,2125.0,1880.0
Lilburn Hill Farm cist 6 (East Cairnfold Field),Northumberland,NU0226,402000.0,625000.0,55.518749,-1.9698821,"55.518749,-1.9698821",Unclear,N/a,Indet.,Indet.,Beaker,,,,,,,Indet.,2300.0,1950.0,2125.0,1880.0
Lilburn Hill Farm pit 1,Northumberland,NU0124,401000.0,624000.0,55.509766,-1.9857225,"55.509766,-1.9857225",Unclear,1.0,Indet.,Indet.,,Indet.,Indet.,,,,,Indet.,2000.0,,2000.0,1880.0
Lilburn Hill Farm stonelined pit 1 (Cairnfold Field),Northumberland,NU0124,401000.0,624000.0,55.509766,-1.9857225,"55.509766,-1.9857225",Cremation,N/a,Indet.,Indet.,"Collared urn,Accessory Vessel",,,,,,,Indet.,2000.0,1500.0,1750.0,1880.0
Lilburn Hill Farm stonelined pit 2 (Cairnfold Field),Northumberland,NU0124,401000.0,624000.0,55.509766,-1.9857225,"55.509766,-1.9857225",Cremation,N/a,Indet.,Indet.,Urn,,,,,,,Indet.,2000.0,1500.0,1750.0,1880.0
Lilburn South Steads cist,Northumberland,NU0223,402000.0,623000.0,55.500778,-1.9698957,"55.500778,-1.9698957",Uncremated remains,1.0,Female,Senior,"Bronze dagger,Beaker,Flint knife,Jet button",Female,Senior,"Bronze dagger, Beaker, Flint knife, Jet button",,,,,2200.0,2000.0,2100.0,1940.0
Lilburn Tower Farm cist,Northumberland,NU0124,401000.0,624000.0,55.509766,-1.9857225,"55.509766,-1.9857225",Cremation,N/a,Indet.,Indet.,Food Vessel,,,,,,,Indet.,2100.0,1750.0,1925.0,1950.0
Lilburn Tower Farm scatter,Northumberland,NU0124,401000.0,624000.0,55.509766,-1.9857225,"55.509766,-1.9857225",N/a,N/a,N/a,N/a,"Cinerary urn,Food Vessel,Accessory Vessel,Pottery",,,,,,,N/a,,,,1950.0
Low Hauxley cist 1,Northumberland,NU284018,428400.0,601800.0,55.309475,-1.5541400,"55.309475,-1.5541400",Cremation,1.0,Indet.,Adult,Beaker,Indet.,Adult,Beaker,,,,Indet.,2050.0,1850.0,1950.0,1990.0
Low Hauxley cist 2,Northumberland,NU284018,428400.0,601800.0,55.309475,-1.5541400,"55.309475,-1.5541400",Crouched burial,1.0,Male,Child,"Beaker,Flint flakes",Male,Child,"Beaker, Flint flakes",,,,,2200.0,1800.0,2000.0,1990.0
Low Hauxley erosion cairn cremation pit,Northumberland,NU2840181,428400.0,601810.0,55.309565,-1.5541390,"55.309565,-1.5541390",Cremation,1.0,Male,Adult,Beaker,Male,Adult,Beaker,,,,,1900.0,1700.0,1800.0,2000.0
Low Hauxley erosion cairn square cist,Northumberland,NU2840182,428400.0,601820.0,55.309655,-1.5541380,"55.309655,-1.5541380",Cremation,1.0,Indet.,Adult,,Indet.,Adult,,,,,Indet.,2000.0,1850.0,1925.0,2000.0
"Low Hills round barrow (Easington), cist 1",County Durham,NZ413415,441300.0,541500.0,54.766738,-1.3596259,"54.766738,-1.3596259",Cremation,N/a,N/a,N/a,Flint knife,,,,,,,N/a,2300.0,1750.0,2025.0,1900.0
"Low Hills round barrow (Easington), cist 2",County Durham,NZ413415,441300.0,541500.0,54.766738,-1.3596259,"54.766738,-1.3596259",Uncremated remains,N/a,N/a,N/a,,,,,,,,N/a,2300.0,1700.0,2000.0,1900.0
"Low Hills round barrow (Easington), cist 3",County Durham,NZ413415,441300.0,541500.0,54.766738,-1.3596259,"54.766738,-1.3596259",Uncremated remains,N/a,N/a,N/a,,,,,,,,N/a,2300.0,1700.0,2000.0,1900.0
"Low Shield Green Crag barrow, cremation 1",Northumberland,NY8879,388000.0,579000.0,55.105263,-2.1896171,"55.105263,-2.1896171",Cremation,N/a,N/a,N/a,Urn,,,,,,,N/a,2000.0,,2000.0,1880.0
"Low Shield Green Crag barrow, cremation 2",Northumberland,NY8879,388000.0,579000.0,55.105263,-2.1896171,"55.105263,-2.1896171",Cremation,N/a,N/a,N/a,Urn,,,,,,,N/a,2000.0,,2000.0,1880.0
Low Trewhitt North Moor cist 1,Northumberland,NU001047,400100.0,604700.0,55.336346,-1.9999717,"55.336346,-1.9999717",Uncremated remains,N/a,N/a,N/a,Beaker,,,,,,,N/a,2300.0,1800.0,2050.0,1900.0
Low Trewhitt North Moor cist 2,Northumberland,NU001047,400100.0,604700.0,55.336346,-1.9999717,"55.336346,-1.9999717",Uncremated remains,1.0,Indet.,Child,"Pottery,Flint flakes",Indet.,Child,"Pottery, Flint flakes",,,,Indet.,2300.0,1800.0,2050.0,1900.0
Low Trewhitt North Moor cist 3,Northumberland,NU001047,400100.0,604700.0,55.336346,-1.9999717,"55.336346,-1.9999717",Uncremated remains,N/a,Indet.,Indet.,,,,,,,,Indet.,2300.0,1750.0,2025.0,1900.0
"Lowstead Ground cist, Howick",Northumberland,NU245175,424500.0,617500.0,55.450754,-1.6142084,"55.450754,-1.6142084",Crouched burial,1.0,Indet.,Indet.,Urn,Indet.,Indet.,Urn,,,,Indet.,2300.0,1750.0,2025.0,1830.0
Middle Gunnar Peak cremation deposit 1,Northumberland,NY91507500,391500.0,575000.0,55.069392,-2.1346398,"55.069392,-2.1346398",Cremation,1.0,Indet.,Child,"Cordoned urn,Bone knife",Indet.,Child,"Cordoned urn, Bone knife",,,,Indet.,1800.0,1500.0,1650.0,1970.0
Middle Gunnar Peak cremation deposit 2,Northumberland,NY91507500,391500.0,575000.0,55.069392,-2.1346398,"55.069392,-2.1346398",Cremation,1.0,Indet.,Child,Urn,Indet.,Child,Urn,,,,Indet.,1800.0,1500.0,1650.0,1970.0
Millfield North henge ditch,Northumberland,NT934348,393400.0,634800.0,55.606762,-2.1063200,"55.606762,-2.1063200",Cremation,Indet.,Indet.,Indet.,,,,,,,,Indet.,2350.0,1900.0,2125.0,1970.0
Millfield North henge pit A cist,Northumberland,NT934348,393400.0,634800.0,55.606762,-2.1063200,"55.606762,-2.1063200",Uncremated remains,N/a,N/a,N/a,,,,,,,,N/a,2300.0,1750.0,2025.0,1970.0
Millfield North henge pit B (probable grave),Northumberland,NT934348,393400.0,634800.0,55.606762,-2.1063200,"55.606762,-2.1063200",Uncremated remains,N/a,N/a,N/a,Flint scraper,,,,,,,N/a,2100.0,1800.0,1950.0,1970.0
Millfield North henge pit C (probable grave),Northumberland,NT934348,393400.0,634800.0,55.606762,-2.1063200,"55.606762,-2.1063200",Uncremated remains,N/a,N/a,N/a,Beaker,,,,,,,N/a,2050.0,1850.0,1950.0,1970.0
Millfield North henge pit D (probable grave),Northumberland,NT934348,393400.0,634800.0,55.606762,-2.1063200,"55.606762,-2.1063200",Uncremated remains,N/a,N/a,N/a,,,,,,,,N/a,,,,1970.0
Millstone Hill kerbed cairn c1 cremation deposit,Northumberland,NU088261,408800.0,626100.0,55.528559,-1.8621548,"55.528559,-1.8621548",Cremation,1.0,Indet.,Adult,Cinerary urn,Indet.,Adult,Cinerary urn,,,,Indet.,2000.0,,2000.0,1970.0
Millstone Hill kerbed cairn c2 cremation deposit,Northumberland,NU088261,408800.0,626100.0,55.528559,-1.8621548,"55.528559,-1.8621548",Cremation,1.0,Indet.,Adolescent,,Indet.,Adolescent,,,,,Indet.,2000.0,,2000.0,1970.0
Millstone Hill kerbed cairn c3 cremation deposit,Northumberland,NU088261,408800.0,626100.0,55.528559,-1.8621548,"55.528559,-1.8621548",Cremation,Indet.,Indet.,Indet.,,,,,,,,Indet.,2000.0,,2000.0,1970.0
Murton Moor round barrow,County Durham,NZ38184600,438180.0,546000.0,54.807421,-1.4075242,"54.807421,-1.4075242",Cremation,N/a,N/a,N/a,"Flint knife,Flint scraper,Flint flakes",,,,,,,N/a,2200.0,1500.0,1850.0,1910.0
North Charlton cist 1,Northumberland,NU1722,417000.0,622000.0,55.491505,-1.7325083,"55.491505,-1.7325083",Uncremated remains,N/a,N/a,N/a,,,,,,,,N/a,2300.0,1750.0,2025.0,1820.0
North Charlton cist 2,Northumberland,NU1722,417000.0,622000.0,55.491505,-1.7325083,"55.491505,-1.7325083",Uncremated remains,1.0,N/a,N/a,Bronze dagger,N/a,N/a,Bronze dagger,,,,N/a,2200.0,1950.0,2075.0,1820.0
North Hazelrigg cist,Northumberland,NU06053345,406050.0,633450.0,55.594642,-1.9055600,"55.594642,-1.9055600",Uncremated remains,N/a,N/a,N/a,Beaker,,,,,,,N/a,2300.0,2200.0,2250.0,1970.0
Pace Hill (Crookham) cist 1,Northumberland,NT913375,391300.0,637500.0,55.630989,-2.1397389,"55.630989,-2.1397389",Uncremated remains,N/a,N/a,N/a,,,,,,,,N/a,2300.0,1750.0,2025.0,1980.0
Pace Hill (Crookham) cist 2,Northumberland,NT913375,391300.0,637500.0,55.630989,-2.1397389,"55.630989,-2.1397389",Uncremated remains,N/a,N/a,N/a,,,,,,,,N/a,2300.0,1750.0,2025.0,1980.0
Pace Hill (Crookham) cist 3,Northumberland,NT913375,391300.0,637500.0,55.630989,-2.1397389,"55.630989,-2.1397389",Uncremated remains,N/a,N/a,N/a,,,,,,,,N/a,2300.0,1750.0,2025.0,1980.0
Pace Hill (Crookham) pit,Northumberland,NT913375,391300.0,637500.0,55.630989,-2.1397389,"55.630989,-2.1397389",Uncremated remains,N/a,N/a,N/a,Beaker,,,,,,,N/a,2200.0,2000.0,2100.0,1980.0
Pace Hill (Crookham) unknown feature,Northumberland,NT913375,391300.0,637500.0,55.630989,-2.1397389,"55.630989,-2.1397389",Cremation,N/a,N/a,N/a,"Urn,Jet necklace",,,,,,,N/a,2150.0,1750.0,1950.0,1860.0
Pitland Hills barrow 1 cist 1,Northumberland,NY8879,388000.0,579000.0,55.105263,-2.1896171,"55.105263,-2.1896171",Crouched burial,1.0,Possible Male,Adult,Food Vessel,Possible Male,Adult,Food Vessel,,,,,2150.0,1750.0,1950.0,1880.0
Pitland Hills barrow 1 cist 2,Northumberland,NY8879,388000.0,579000.0,55.105263,-2.1896171,"55.105263,-2.1896171",Uncremated remains,N/a,N/a,N/a,,,,,,,,N/a,2300.0,1750.0,2025.0,1880.0
Pitland Hills barrow 1 cremation 2,Northumberland,NY8879,388000.0,579000.0,55.105263,-2.1896171,"55.105263,-2.1896171",Cremation,N/a,Indet.,Indet.,,,,,,,,Indet.,2000.0,,2000.0,1880.0
Pitland Hills barrow 1 cremation deposit 1,Northumberland,NY8879,388000.0,579000.0,55.105263,-2.1896171,"55.105263,-2.1896171",Cremation,1.0,Indet.,Child,Urn,Indet.,Child,Urn,,,,Indet.,2000.0,,2000.0,1880.0
Pitland Hills barrow 2 pit,Northumberland,NY8879,388000.0,579000.0,55.105263,-2.1896171,"55.105263,-2.1896171",Cremation,N/a,Indet.,Indet.,"Cinerary urn,Accessory Vessel",,,,,,,Indet.,2000.0,,2000.0,1880.0
Pitland Hills barrow 3 grave,Northumberland,NY8879,388000.0,579000.0,55.105263,-2.1896171,"55.105263,-2.1896171",Crouched burial,1.0,Possible Male,Adult,,Possible Male,Adult,,,,,,2300.0,1750.0,2025.0,1880.0
Plessy Mill cremation deposit 1,Northumberland,NZ241793,424100.0,579300.0,55.107526,-1.6237894,"55.107526,-1.6237894",Cremation,N/a,Indet.,Indet.,Collared urn,,,,,,,Indet.,2000.0,1500.0,1750.0,
Plessy Mill cremation deposit 2,Northumberland,NZ241793,424100.0,579300.0,55.107526,-1.6237894,"55.107526,-1.6237894",Cremation,N/a,Indet.,Indet.,Food Vessel,,,,,,,Indet.,2150.0,1750.0,1950.0,
Plessy Mill cremation deposit 3,Northumberland,NZ241793,424100.0,579300.0,55.107526,-1.6237894,"55.107526,-1.6237894",Cremation,N/a,Indet.,Indet.,Food Vessel,,,,,,,Indet.,2150.0,1750.0,1950.0,
Ravensheugh cairn 2 cist (Dixon Spital Hill/Simonside Hills burial no. 10),Northumberland,NZ015989,401500.0,598900.0,55.284227,-1.9779302,"55.284227,-1.9779302",Uncremated remains,N/a,N/a,N/a,,,,,,,,N/a,2300.0,1750.0,2025.0,1880.0
Rayheugh cairn 1 cist,Northumberland,NU116268,411600.0,626800.0,55.534791,-1.8177708,"55.534791,-1.8177708",Crouched burial,1.0,Indet.,Adult,Beaker,Indet.,Adult,Beaker,,,,Indet.,2300.0,2100.0,2200.0,1860.0
Rayheugh cairn 2 burial,Northumberland,NU117267,411700.0,626700.0,55.533890,-1.8161906,"55.533890,-1.8161906",Uncremated remains,N/a,N/a,N/a,,,,,,,,N/a,2450.0,1700.0,2075.0,1860.0
Rayheugh cairn 3 cist,Northumberland,NU118267,411800.0,626700.0,55.533888,-1.8146063,"55.533888,-1.8146063",Uncremated remains,N/a,N/a,N/a,,,,,,,,N/a,2300.0,1750.0,2025.0,1860.0
Rayheugh cairn 4 cist,Northumberland,NU118264,411800.0,626400.0,55.531192,-1.8146190,"55.531192,-1.8146190",Uncremated remains,N/a,Indet.,Indet.,,,,,,,,Indet.,2300.0,1750.0,2025.0,1860.0
Reaverhill Farm cist,Northumberland,NY907737,390700.0,573700.0,55.057695,-2.1471242,"55.057695,-2.1471242",Uncremated remains,1.0,Male,Adult,Bronze dagger,Male,Adult,Bronze dagger,,,,,2135.0,1950.0,2042.0,1960.0
Rosebrough Moor cairn 1 cist ,Northumberland,NU118260,411800.0,626000.0,55.527598,-1.8146358,"55.527598,-1.8146358",Crouched burial,1.0,Indet.,Adult,Beaker,Indet.,Adult,Beaker,,,,Indet.,2300.0,2100.0,2200.0,1870.0
Rosebrough Moor cairn 1 cremation deposit 1 ,Northumberland,NU118260,411800.0,626000.0,55.527598,-1.8146358,"55.527598,-1.8146358",Multiple cremation,2.0,Multiple,Adult,"Food Vessel,Flint knife",,,"Food Vessel, Flint knife",Possible Female + Indet.,Adult,,,1950.0,1700.0,1825.0,1870.0
Rosebrough Moor cairn 2 cremation deposit 1,Northumberland,NU1326,413000.0,626000.0,55.527568,-1.7956270,"55.527568,-1.7956270",Cremation,1.0,Indet.,Adult,"Collared urn,Bone pin",Indet.,Adult,"Collared urn, Bone pin",,,,Indet.,2000.0,1500.0,1750.0,1870.0
Rosebrough Moor cairn 3 burial,Northumberland,NU1326,413000.0,626000.0,55.527568,-1.7956270,"55.527568,-1.7956270",Crouched burial,N/a,N/a,N/a,,,,,,,,N/a,,,,1870.0
Roseden Edge burial,Northumberland,NU0221 (see note),402000.0,621000.0,55.482807,-1.9699092,"55.482807,-1.9699092",Uncremated remains,N/a,Indet.,Indet.,Food Vessel,,,,,,,Indet.,2150.0,1750.0,1950.0,1830.0
Roseden Edge cremation deposit,Northumberland,NU0221 (see note),402000.0,621000.0,55.482807,-1.9699092,"55.482807,-1.9699092",Cremation,N/a,Indet.,Indet.,Accessory Vessel,,,,,,,Indet.,2000.0,1500.0,1750.0,1830.0
Sacriston,County Durham,NZ23814767,423810.0,547670.0,54.823313,-1.6309477,"54.823313,-1.6309477",Crouched burial,N/a,N/a,N/a,Beaker,,,,,,,N/a,2300.0,2100.0,2200.0,1880.0
Sandyford Park cist,Northumberland,Unknown,,,,,,Crouched burial,1.0,Possible Male,Adult,Food Vessel,Possible Male,Adult,Food Vessel,,,,,2150.0,1750.0,1950.0,1820.0
Seafield Farm cist 1,Northumberland,NU 21603202,421600.0,632000.0,55.581176,-1.6589325,"55.581176,-1.6589325",Crouched burial,1.0,Possible Male,Adult,Food Vessel,Possible Male,Adult,Food Vessel,,,,,2150.0,1750.0,1950.0,1900.0
Seafield Farm cist 2,Northumberland,NU 21603202,421600.0,632000.0,55.581176,-1.6589325,"55.581176,-1.6589325",Crouched burial,N/a,N/a,N/a,Food Vessel,,,,,,,N/a,2150.0,1750.0,1950.0,1900.0
Seafield Farm cist 3,Northumberland,NU 21603202,421600.0,632000.0,55.581176,-1.6589325,"55.581176,-1.6589325",Crouched burial,N/a,N/a,N/a,Food Vessel,,,,,,,N/a,2150.0,1750.0,1950.0,1900.0
Seafield Farm cist 4,Northumberland,NU 21603202,421600.0,632000.0,55.581176,-1.6589325,"55.581176,-1.6589325",Uncremated remains,N/a,N/a,N/a,,,,,,,,N/a,2300.0,1700.0,2000.0,1900.0
Seafield Farm cist 5,Northumberland,NU 21603202,421600.0,632000.0,55.581176,-1.6589325,"55.581176,-1.6589325",Uncremated remains,N/a,N/a,N/a,,,,,,,,N/a,2300.0,1700.0,2000.0,1900.0
Seafield Farm cist 6,Northumberland,NU 21603202,421600.0,632000.0,55.581176,-1.6589325,"55.581176,-1.6589325",Crouched burial,1.0,N/a,Adolescent,Beaker,N/a,Adolescent,Beaker,,,,N/a,2200.0,2050.0,2125.0,1900.0
Seafield Farm grave 1,Northumberland,NU 21603202,421600.0,632000.0,55.581176,-1.6589325,"55.581176,-1.6589325",Uncremated remains,N/a,N/a,N/a,,,,,,,,N/a,2300.0,1700.0,2000.0,1900.0
Seghill cist,Northumberland,NZ2874,428000.0,574000.0,55.059698,-1.5631809,"55.059698,-1.5631809",Uncremated remains,1.0,Indet.,Indet.,Battle Axe,Indet.,Indet.,Battle Axe,,,,Indet.,1900.0,1700.0,1800.0,1860.0
Shipley cist,Northumberland,NU145165,414500.0,616500.0,55.442165,-1.7723582,"55.442165,-1.7723582",Crouched burial,1.0,Female,Adult,"Beaker,Red ochre",Female,Adult,"Beaker, Red ochre",,,,,2200.0,2050.0,2125.0,1950.0
Smalesmouth cist,Northumberland,NY731858,373100.0,585800.0,55.165778,-2.4237912,"55.165778,-2.4237912",Uncremated remains,1.0,Indet.,Indet.,Beaker,Indet.,Indet.,Beaker,,,,Indet.,2200.0,2100.0,2150.0,1860.0
South Charlton cairn cist (Hodgson's 'primary interment'),Northumberland,NU157200,415700.0,620000.0,55.473577,-1.7531945,"55.473577,-1.7531945",Uncremated remains,N/a,N/a,N/a,Flint flakes,,,,,,,N/a,2300.0,1750.0,2025.0,1910.0
South Charlton cairn deposit 1 pit,Northumberland,NU157200,415700.0,620000.0,55.473577,-1.7531945,"55.473577,-1.7531945",Unclear,N/a,N/a,N/a,Food Vessel,,,,,,,N/a,,,,1910.0
South Charlton cairn deposit 10 cist,Northumberland,NU157200,415700.0,620000.0,55.473577,-1.7531945,"55.473577,-1.7531945",Uncremated remains,N/a,Indet.,Indet.,Food Vessel,,,,,,,Indet.,2150.0,1750.0,1950.0,1910.0
South Charlton cairn deposit 11 cist,Northumberland,NU157200,415700.0,620000.0,55.473577,-1.7531945,"55.473577,-1.7531945",Uncremated remains,N/a,N/a,N/a,,,,,,,,N/a,2300.0,1750.0,2025.0,1910.0
South Charlton cairn deposit 2 pit,Northumberland,NU157200,415700.0,620000.0,55.473577,-1.7531945,"55.473577,-1.7531945",Cremation,N/a,Indet.,Indet.,Food Vessel,,,,,,,Indet.,2000.0,1700.0,1850.0,1910.0
South Charlton cairn deposit 3 pit,Northumberland,NU157200,415700.0,620000.0,55.473577,-1.7531945,"55.473577,-1.7531945",Cremation,N/a,Indet.,Indet.,Food Vessel,,,,,,,Indet.,2000.0,1700.0,1850.0,1910.0
South Charlton cairn deposit 4,Northumberland,NU157200,415700.0,620000.0,55.473577,-1.7531945,"55.473577,-1.7531945",Cremation,N/a,Indet.,Indet.,"Collared urn,Accessory Vessel",,,,,,,Indet.,2000.0,1500.0,1750.0,1910.0
South Charlton cairn deposit 5,Northumberland,NU157200,415700.0,620000.0,55.473577,-1.7531945,"55.473577,-1.7531945",Cremation,N/a,Indet.,Indet.,,,,,,,,Indet.,2000.0,,2000.0,1910.0
South Charlton cairn deposit 6,Northumberland,NU157200,415700.0,620000.0,55.473577,-1.7531945,"55.473577,-1.7531945",Cremation,N/a,Indet.,Indet.,Food Vessel,,,,,,,Indet.,2000.0,,2000.0,1910.0
South Charlton cairn deposit 7,Northumberland,NU157200,415700.0,620000.0,55.473577,-1.7531945,"55.473577,-1.7531945",Unclear,N/a,N/a,N/a,Food Vessel,,,,,,,N/a,2150.0,1750.0,1950.0,1910.0
South Charlton cairn deposit 8,Northumberland,NU157200,415700.0,620000.0,55.473577,-1.7531945,"55.473577,-1.7531945",Cremation,N/a,Indet.,Indet.,Food Vessel,,,,,,,Indet.,2150.0,1750.0,1950.0,1910.0
South Charlton cairn deposit 9,Northumberland,NU157200,415700.0,620000.0,55.473577,-1.7531945,"55.473577,-1.7531945",Cremation,N/a,Indet.,Indet.,Food Vessel,,,,,,,Indet.,2150.0,1750.0,1950.0,1910.0
Spital Hill cairn 1 cist (Dixon Spital Hill burial no.1),Northumberland,NZ020992,402000.0,599200.0,55.286921,-1.9700563,"55.286921,-1.9700563",Cremation,N/a,Indet.,Indet.,Urn,,,,,,,Indet.,2150.0,1500.0,1825.0,1880.0
Spital Hill cairn 2 cist (Dixon Spital Hill burial no.2),Northumberland,NZ018990 ,401800.0,599000.0,55.285125,-1.9732065,"55.285125,-1.9732065",Crouched burial,1.0,Male,Adult,,Male,Adult,,,,,,2300.0,1750.0,2025.0,1880.0
Spital Hill cairn 3 cist 1 (Dixon Spital Hill burial no. 3),Northumberland,NZ026998,402600.0,599800.0,55.292310,-1.9606041,"55.292310,-1.9606041",Uncremated remains,N/a,N/a,N/a,,,,,,,,N/a,2300.0,1700.0,2000.0,1880.0
Spital Hill cairn 4 cist 1 (Dixon Spital Hill burial no. 4),Northumberland,NZ0299 ,402000.0,599000.0,55.285124,-1.9700576,"55.285124,-1.9700576",Uncremated remains,N/a,Indet.,Indet.,,,,,,,,Indet.,2300.0,1700.0,2000.0,1880.0
Spital Hill cairn 5 deposit 1 (Dixon Spital Hill burial no.5),Northumberland,NZ0299 ,402000.0,599000.0,55.285124,-1.9700576,"55.285124,-1.9700576",Cremation,N/a,Indet.,Indet.,Food Vessel,,,,,,,Indet.,2000.0,1700.0,1850.0,1880.0
Spital Hill cairn 6 cist 1 (Dixon Spital Hill burial no. 6),Northumberland,NZ0299 ,402000.0,599000.0,55.285124,-1.9700576,"55.285124,-1.9700576",Uncremated remains,N/a,N/a,N/a,,,,,,,,N/a,2300.0,1700.0,2000.0,1880.0
Spital Hill cairn 7 cist 1 (Dixon Spital Hill burial no. 7),Northumberland,NZ0299 ,402000.0,599000.0,55.285124,-1.9700576,"55.285124,-1.9700576",Uncremated remains,N/a,N/a,N/a,,,,,,,,N/a,2300.0,1700.0,2000.0,1880.0
Spital Hill cairn 7 cist 2 (Dixon Spital Hill burial no. 7),Northumberland,NZ0299 ,402000.0,599000.0,55.285124,-1.9700576,"55.285124,-1.9700576",Multiple cremation,Indet.,Indet.,Indet.,,,,,,,,Indet.,2300.0,1700.0,2000.0,1880.0
Spital Hill cairn 7 cremation deposit 1 (Dixon Spital Hill burial no. 7),Northumberland,NZ0299 ,402000.0,599000.0,55.285124,-1.9700576,"55.285124,-1.9700576",Cremation,Indet.,Indet.,Indet.,"Food Vessel,Flint knife",,,,,,,Indet.,2000.0,1500.0,1750.0,1880.0
Spital Hill cairn 8 cist 1 (Dixon Spital Hills burial no. 8),Northumberland,NZ0299 ,402000.0,598000.0,55.276139,-1.9700643,"55.276139,-1.9700643",Uncremated remains,N/a,N/a,N/a,,,,,,,,N/a,2300.0,1700.0,2000.0,1880.0
Spital Hill cairn 8 cist 2  (Dixon Spital Hill burial no. 8),Northumberland,NZ0298,402000.0,598000.0,55.276139,-1.9700643,"55.276139,-1.9700643",Cremation,N/a,Indet.,Indet.,,,,,,,,Indet.,2300.0,1700.0,2000.0,1880.0
Steeple Hill cist ,Tyne and Wear,NZ383529,438300.0,552900.0,54.869414,-1.4047461,"54.869414,-1.4047461",Inhumation and Cremation,2.0,Multiple,Multiple age groups,Food Vessel,,,Food Vessel,Male + Indet.,Adult + Juvenile,,,2150.0,1750.0,1950.0,1870.0
Steeple Hill grave with stone settings,Tyne and Wear,NZ383529,438300.0,552900.0,54.869414,-1.4047461,"54.869414,-1.4047461",Crouched burial,1.0,Possible Female,Senior,,Possible Female,Senior,,,,,,2450.0,1700.0,2075.0,1870.0
Summerhill (Blaydon) cist 1,Tyne and Wear,NZ17716351,417710.0,563510.0,54.965905,-1.7249189,"54.965905,-1.7249189",Crouched burial,1.0,Female,Adult,Beaker,Female,Adult,Beaker,,,,,2200.0,2100.0,2150.0,1930.0
Summerhill (Blaydon) cist 2,Tyne and Wear,NZ17506339,417500.0,563390.0,54.964834,-1.7282061,"54.964834,-1.7282061",Crouched burial,1.0,Male,Adult,Flint knife,Male,Adult,Flint knife,,,,,2300.0,1750.0,2025.0,1930.0
Summerhill (Blaydon) cist 3,Tyne and Wear,NZ17486340,417480.0,563400.0,54.964925,-1.7285179,"54.964925,-1.7285179",Crouched burial,2.0,Indet.,Adult,Food Vessel,,,Food Vessel,Indet.,Adult,,Indet.,2150.0,1750.0,1950.0,1930.0
Summerhill (Blaydon) cist 4,Tyne and Wear,NZ17476341,417470.0,563410.0,54.965015,-1.7286735,"54.965015,-1.7286735",Crouched burial,2.0,Multiple,Adolescent,Beaker,,,,Female + Indet.,Adolescent,Beaker,,2250.0,1950.0,2100.0,1930.0
The Sneep cist,Northumberland,NY792885 ,379200.0,588500.0,55.190335,-2.3282407,"55.190335,-2.3282407",Crouched burial,1.0,Female,Adult,"Beaker,Flint flakes",Female,Adult,"Beaker, Flint flakes",,,,,2300.0,2100.0,2200.0,1880.0
Tom Tallon's Grave cist,Northumberland,NT932280 ,393200.0,628000.0,55.545659,-2.1093242,"55.545659,-2.1093242",Crouched burial,1.0,Indet.,Indet.,Food Vessel,Indet.,Indet.,Food Vessel,,,,Indet.,2150.0,1750.0,1950.0,1850.0
Trow Rocks cist,Tyne and Wear,NZ384667,438400.0,566700.0,54.993410,-1.4013500,"54.993410,-1.4013500",Crouched burial,1.0,Possible Male,Adult,Flint knife,Possible Male,Adult,Flint knife,,,,,2300.0,1750.0,2025.0,1870.0
Turf Knowe North central cist,Northumberland,NU006157 ,400600.0,615700.0,55.435187,-1.9920704,"55.435187,-1.9920704",Cremation,1.0,Female,Adult,"Food Vessel,Jet beads,Flint flakes",Female,Adult,"Food Vessel, Jet beads, Flint flakes",,,,,1750.0,1530.0,1640.0,1990.0
Turf Knowe North central cist,Northumberland,NU006157 ,400600.0,615700.0,55.435187,-1.9920704,"55.435187,-1.9920704",Multiple cremation,2.0,Indet.,Multiple age groups,,,,,Indet.,Adult + Juvenile,,Indet.,1940.0,1680.0,1810.0,1990.0
Turf Knowe North cremation insertion 1,Northumberland,NU006157 ,400600.0,615700.0,55.435187,-1.9920704,"55.435187,-1.9920704",Multiple cremation,2.0,Indet.,Multiple age groups,Urn,,,Urn,Indet.,Adult + Juvenile,,Indet.,2000.0,1750.0,1875.0,1990.0
Turf Knowe North cremation insertion 2,Northumberland,NU006157 ,400600.0,615700.0,55.435187,-1.9920704,"55.435187,-1.9920704",Multiple cremation,2.0,Multiple,Multiple age groups,Bone pin,,,,Male + Indet.,Adult + Juvenile,Bone pin,,1880.0,1620.0,1750.0,1990.0
Turf Knowe North cremation insertion 3,Northumberland,NU006157 ,400600.0,615700.0,55.435187,-1.9920704,"55.435187,-1.9920704",Cremation,1.0,Possible Female,Adolescent,,Possible Female,Adolescent,,,,,,2130.0,1880.0,2005.0,1990.0
Turf Knowe North cremation pyre debris insertion 1,Northumberland,NU006157 ,400600.0,615700.0,55.435187,-1.9920704,"55.435187,-1.9920704",Multiple cremation,2.0,Multiple,Multiple age groups,Bone pin,,,,Possible Male + Possible Juvenile Female,Adult + Juvenile,Bone pin,,1880.0,1620.0,1750.0,1990.0
Turf Knowe North cremation pyre debris insertion 2,Northumberland,NU006157 ,400600.0,615700.0,55.435187,-1.9920704,"55.435187,-1.9920704",Cremation,1.0,Indet.,Adult,,Indet.,Adult,,,,,Indet.,2130.0,1880.0,2005.0,1990.0
Turf Knowe North southern cist,Northumberland,NU006157 ,400600.0,615700.0,55.435187,-1.9920704,"55.435187,-1.9920704",Multiple cremation,3.0,Indet.,Multiple age groups,,,,,Indet.,Adult + Juvenile,,Indet.,1750.0,1550.0,1650.0,1990.0
Turf Knowe South tri-radial cairn eastern cist (1/A),Northumberland,NU006157 ,400600.0,615700.0,55.435187,-1.9920704,"55.435187,-1.9920704",Uncremated remains,N/a,N/a,N/a,,,,,,,,N/a,,,,1990.0
Turf Knowe South tri-radial cairn pit 2,Northumberland,NU006157 ,400600.0,615700.0,55.435187,-1.9920704,"55.435187,-1.9920704",Uncremated remains,N/a,N/a,N/a,"Food Vessel,Flint flakes",,,,,,,N/a,,,,1990.0
Turf Knowe South tri-radial cairn western cist (2/B),Northumberland,NU006157 ,400600.0,615700.0,55.435187,-1.9920704,"55.435187,-1.9920704",Cremation,1.0,Indet.,Adult,Iron spearhead,Indet.,Adult,Iron spearhead,,,,Indet.,2130.0,1870.0,2000.0,1990.0
Turf Knowe South tri-radial cairn western cist (2/C),Northumberland,NU006157 ,400600.0,615700.0,55.435187,-1.9920704,"55.435187,-1.9920704",Cremation,1.0,Indet.,Adult,Food Vessel,Indet.,Adult,Food Vessel,,,,Indet.,2030.0,1770.0,1900.0,1990.0
Warden Law cist ,Tyne and Wear,NZ372505,437200.0,550500.0,54.847931,-1.4221932,"54.847931,-1.4221932",Cremation,2.0,Indet.,Multiple age groups,Food Vessel,,,Food Vessel,Indet.,Adult + Juvenile,,Indet.,2025.0,1887.0,1956.0,1970.0
Warkshaugh Farm barrow cist 1,Northumberland,NY867765,386700.0,576500.0,55.082764,-2.2098744,"55.082764,-2.2098744",Uncremated remains,N/a,Indet.,Indet.,"Food Vessel,Flint knife",,,,,,,Indet.,2150.0,1750.0,1950.0,1870.0
Warkshaugh Farm barrow cist 2,Northumberland,NY867765,386700.0,576500.0,55.082764,-2.2098744,"55.082764,-2.2098744",Uncremated remains,N/a,Indet.,Indet.,,,,,,,,Indet.,2300.0,1700.0,2000.0,1870.0
Warkshaugh Farm barrow cist 3,Northumberland,NY867765,386700.0,576500.0,55.082764,-2.2098744,"55.082764,-2.2098744",Uncremated remains,N/a,Indet.,Indet.,,,,,,,,Indet.,2300.0,1700.0,2000.0,1870.0
Warkshaugh Farm barrow cist 4,Northumberland,NY867765,386700.0,576500.0,55.082764,-2.2098744,"55.082764,-2.2098744",Uncremated remains,N/a,N/a,N/a,,,,,,,,N/a,2300.0,1700.0,2000.0,1870.0
Warkshaugh Farm barrow cremation deposit 1 (not recorded in Kinnes and Longworth),Northumberland,NY867765,386700.0,576500.0,55.082764,-2.2098744,"55.082764,-2.2098744",Unclear,N/a,N/a,N/a,Urn,,,,,,,N/a,2000.0,1500.0,1750.0,1870.0
Warkworth cairn cist 1,Northumberland,NU277043,427700.0,604300.0,55.331978,-1.5649215,"55.331978,-1.5649215",Crouched burial,1.0,Indet.,Indet.,"Bronze dagger,Food Vessel,Flint flakes",Indet.,Indet.,"Bronze dagger, Food Vessel, Flint flakes",,,,Indet.,2200.0,1650.0,1925.0,1880.0
Warkworth cairn cist 2,Northumberland,NU277043,427700.0,604300.0,55.331978,-1.5649215,"55.331978,-1.5649215",Uncremated remains,1.0,Indet.,Child,,Indet.,Child,,,,,Indet.,2300.0,1750.0,2025.0,1880.0
Warkworth cairn cist 3,Northumberland,NU277043,427700.0,604300.0,55.331978,-1.5649215,"55.331978,-1.5649215",Cremation,1.0,Indet.,Indet.,Food Vessel,Indet.,Indet.,Food Vessel,,,,Indet.,2150.0,1750.0,1950.0,1880.0
Warkworth cairn cist 4,Northumberland,NU277043,427700.0,604300.0,55.331978,-1.5649215,"55.331978,-1.5649215",Unclear,N/a,N/a,Indet.,Food Vessel,,,,,,,N/a,2150.0,1750.0,1950.0,1880.0
Warkworth cairn cist 5,Northumberland,NU277043,427700.0,604300.0,55.331978,-1.5649215,"55.331978,-1.5649215",Unclear,N/a,N/a,Indet.,Food Vessel,,,,,,,N/a,2000.0,1700.0,1850.0,1880.0
Warkworth cairn cist 6,Northumberland,NU277043,427700.0,604300.0,55.331978,-1.5649215,"55.331978,-1.5649215",Unclear,N/a,N/a,Indet.,Food Vessel,,,,,,,N/a,2300.0,1750.0,2025.0,1880.0
Warkworth cairn cist 7,Northumberland,NU277043,427700.0,604300.0,55.331978,-1.5649215,"55.331978,-1.5649215",Crouched burial,1.0,Indet.,Adult,,Indet.,Adult,,,,,Indet.,2300.0,1750.0,2025.0,1880.0
Warkworth cairn cist 8,Northumberland,NU277043,427700.0,604300.0,55.331978,-1.5649215,"55.331978,-1.5649215",Crouched burial,1.0,Male,Adult,,Male,Adult,,,,,,2300.0,1750.0,2025.0,1880.0
Warkworth cairn cist 9,Northumberland,NU277043,427700.0,604300.0,55.331978,-1.5649215,"55.331978,-1.5649215",Crouched burial,1.0,Indet.,Indet.,Urn,Indet.,Indet.,Urn,,,,Indet.,2300.0,1750.0,2025.0,1880.0
Warkworth cairn cremation deposit 1,Northumberland,NU277043,427700.0,604300.0,55.331978,-1.5649215,"55.331978,-1.5649215",Cremation,N/a,Indet.,Indet.,,,,,,,,Indet.,2150.0,1700.0,1925.0,1880.0
Warkworth cairn cremation deposit 2,Northumberland,NU277043,427700.0,604300.0,55.331978,-1.5649215,"55.331978,-1.5649215",Cremation,1.0,Indet.,Adult,,Indet.,Adult,,,,,Indet.,2150.0,1700.0,1925.0,1880.0
Warkworth cairn vessel insertion,Northumberland,NU277043,427700.0,604300.0,55.331978,-1.5649215,"55.331978,-1.5649215",Unclear,N/a,N/a,Indet.,Food Vessel,,,,,,,N/a,2000.0,1700.0,1850.0,1880.0
Well House Farm cist,Northumberland,NZ04046676,404040.0,566760.0,54.995405,-1.9383858,"54.995405,-1.9383858",Uncremated remains,N/a,N/a,N/a,"Food Vessel,Jet beads,Flint flakes",,,,,,,N/a,2200.0,1780.0,1990.0,1980.0
West Wharmley cist,Northumberland,NY8866 ,388000.0,566000.0,54.988444,-2.1890653,"54.988444,-2.1890653",Crouched burial,2.0,Indet.,Adult,Beaker,,,,Indet.,Adult,Beaker,Indet.,2300.0,2100.0,2200.0,1920.0
Wether Hill stone cist,Northumberland,NU013145,401300.0,614500.0,55.424404,-1.9810129,"55.424404,-1.9810129",Uncremated remains,N/a,N/a,N/a,Food Vessel,,,,,,,N/a,2020.0,1745.0,1882.0,1990.0
Wether Hill wooden cist or coffin,Northumberland,NU013145,401300.0,614500.0,55.424404,-1.9810129,"55.424404,-1.9810129",Uncremated remains,N/a,N/a,N/a,Beaker,,,,,,,N/a,2200.0,1880.0,2040.0,1990.0
Wheathall Farm (Whitburn cist 2),Tyne and Wear,NZ40736265,440730.0,562650.0,54.956834,-1.3655088,"54.956834,-1.3655088",Crouched burial,1.0,Indet.,Adult,"Flint arrowhead,Flint flakes",Indet.,Adult,"Flint arrowhead, Flint flakes",,,,Indet.,2300.0,1750.0,2025.0,1920.0
Whitton Hill henge 1 'cremation 2' nr pit 24,Northumberland,NT933347,393300.0,634700.0,55.605862,-2.1079048,"55.605862,-2.1079048",Cremation,1.0,Indet.,Child,Flint knife,Indet.,Child,Flint knife,,,,Indet.,1426.0,1270.0,1348.0,1980.0
Whitton Hill henge 1 'cremation 3' nr pit 24,Northumberland,NT933347,393300.0,634700.0,55.605862,-2.1079048,"55.605862,-2.1079048",Cremation,Indet.,Indet.,Indet.,,,,,,,,Indet.,1426.0,1270.0,1348.0,1980.0
Whitton Hill henge 1 'cremation 4' nr pit 24,Northumberland,NT933347,393300.0,634700.0,55.605862,-2.1079048,"55.605862,-2.1079048",Cremation,Indet.,Indet.,Indet.,,,,,,,,Indet.,1426.0,1270.0,1348.0,1980.0
Whitton Hill henge 1 pit 28,Northumberland,NT933347,393300.0,634700.0,55.605862,-2.1079048,"55.605862,-2.1079048",Cremation,1.0,Possible Male,Adult,"Food Vessel,Flint flakes",Possible Male,Adult,"Food Vessel, Flint flakes",,,,,1890.0,1700.0,1795.0,1980.0
Whitton Hill henge 1 pit 6,Northumberland,NT933347,393300.0,634700.0,55.605862,-2.1079048,"55.605862,-2.1079048",Cremation,Indet.,Indet.,Indet.,,,,,,,,Indet.,3200.0,1000.0,2100.0,1980.0
Whitton Hill henge 1 pit 7,Northumberland,NT933347,393300.0,634700.0,55.605862,-2.1079048,"55.605862,-2.1079048",Cremation,Indet.,Indet.,Indet.,,,,,,,,Indet.,3200.0,1000.0,2100.0,1980.0
Whitton Hill henge 1 southern ditch,Northumberland,NT933347,393300.0,634700.0,55.605862,-2.1079048,"55.605862,-2.1079048",Cremation,Indet.,Indet.,Indet.,,,,,,,,Indet.,3360.0,3100.0,3230.0,1980.0
Whitton Hill henge 2 pit I,Northumberland,NT933347,393300.0,634700.0,55.605862,-2.1079048,"55.605862,-2.1079048",Cremation,1.0,Indet.,Indet.,,Indet.,Indet.,,,,,Indet.,1500.0,1100.0,1300.0,1980.0
Whitton Hill henge 2 pit Y,Northumberland,NT933347,393300.0,634700.0,55.605862,-2.1079048,"55.605862,-2.1079048",Multiple cremation,24.0,Multiple,Multiple age groups,,,,,Female + Indet.,Adolescent + Juvenile + infant,,,1260.0,1020.0,1140.0,1980.0
Whitton Hill henge 2 pit Z,Northumberland,NT933347,393300.0,634700.0,55.605862,-2.1079048,"55.605862,-2.1079048",Cremation,Indet.,Indet.,Indet.,,,,,,,,Indet.,,,,1980.0
Woodhorn cist,Northumberland,NZ2988,429000.0,588000.0,55.185440,-1.5461023,"55.185440,-1.5461023",Uncremated remains,1.0,Indet.,Indet.,Beaker,Indet.,Indet.,Beaker,,,,Indet.,2300.0,2100.0,2200.0,
Wooler cist,Northumberland,NT9928,399000.0,628000.0,55.545707,-2.0174057,"55.545707,-2.0174057",Crouched burial,1.0,Male,Adult,Jet button,Male,Adult,Jet button,,,,,2200.0,1750.0,1975.0,1870.0
Yeavering cist,Northumberland,NT92493047,392490.0,630470.0,55.567843,-2.1206444,"55.567843,-2.1206444",Uncremated remains,N/a,N/a,N/a,"Food Vessel,Jet beads",,,,,,,N/a,2100.0,1900.0,2000.0,1960.0
Yeavering cremation deposit 1,Northumberland,NT92493047,392490.0,630470.0,55.567843,-2.1206444,"55.567843,-2.1206444",Cremation,N/a,Indet.,Indet.,Urn,,,,,,,Indet.,2000.0,1500.0,1750.0,1960.0
